site_id,site_class,visit_n,event_time,event,note
S000,standard,1,2026-01-06T10:31:11,prep_start,
S000,standard,1,2026-01-06T13:13:27,prep_end,
S000,standard,1,2026-01-06T18:00:00,depart,
S000,standard,1,2026-01-06T19:11:34,check_in,
S000,standard,1,2026-01-06T19:11:34,gate_start,
S000,standard,1,2026-01-06T20:50:42,gate_end,
S000,standard,1,2026-01-06T21:06:17,device_done,
S000,standard,1,2026-01-06T21:18:10,device_done,
S000,standard,1,2026-01-06T21:33:51,device_done,
S000,standard,1,2026-01-06T21:44:20,device_done,
S000,standard,1,2026-01-06T22:02:36,device_done,
S000,standard,1,2026-01-06T22:14:35,device_done,
S000,standard,1,2026-01-06T22:29:44,device_done,
S000,standard,1,2026-01-06T22:36:54,device_done,
S000,standard,1,2026-01-06T22:50:41,device_done,
S000,standard,1,2026-01-06T22:56:47,device_done,
S000,standard,1,2026-01-06T23:02:06,device_done,
S000,standard,1,2026-01-06T23:12:44,device_done,
S000,standard,1,2026-01-06T23:21:06,device_done,
S000,standard,1,2026-01-06T23:21:06,closure_start,
S000,standard,1,2026-01-07T00:33:56,checkout,
S000,standard,1,2026-01-07T09:00:00,report_start,
S000,standard,1,2026-01-07T10:53:28,report_sent,
S001,complex,1,2026-01-07T11:33:26,prep_start,
S001,complex,1,2026-01-07T14:12:52,prep_end,
S001,complex,1,2026-01-07T18:00:00,depart,
S001,complex,1,2026-01-07T18:54:07,check_in,
S001,complex,1,2026-01-07T18:54:07,gate_start,
S001,complex,1,2026-01-07T20:35:40,gate_end,
S001,complex,1,2026-01-07T20:35:40,packet_issue,
S001,complex,1,2026-01-07T22:16:42,no_go,packet abort
S001,complex,1,2026-01-07T22:16:42,revisit_scheduled,
S001,complex,1,2026-01-08T09:00:00,report_start,
S001,complex,1,2026-01-08T11:08:20,report_sent,
S001,complex,2,2026-01-08T10:50:34,prep_start,
S001,complex,2,2026-01-08T12:55:39,prep_end,
S001,complex,2,2026-01-08T18:00:00,depart,
S001,complex,2,2026-01-08T18:39:04,check_in,
S001,complex,2,2026-01-08T18:39:04,gate_start,
S001,complex,2,2026-01-08T20:12:44,gate_end,
S001,complex,2,2026-01-08T20:12:44,gonogo_wait_start,
S001,complex,2,2026-01-08T20:59:48,gonogo_wait_end,
S001,complex,2,2026-01-08T21:13:40,device_done,
S001,complex,2,2026-01-08T21:18:48,device_done,
S001,complex,2,2026-01-08T21:35:38,device_done,
S001,complex,2,2026-01-08T21:41:36,device_done,
S001,complex,2,2026-01-08T21:57:50,device_done,
S001,complex,2,2026-01-08T22:06:24,device_done,
S001,complex,2,2026-01-08T22:22:47,device_done,
S001,complex,2,2026-01-08T22:35:26,device_done,
S001,complex,2,2026-01-08T22:41:55,device_done,
S001,complex,2,2026-01-08T23:01:42,device_done,
S001,complex,2,2026-01-08T23:23:03,device_done,
S001,complex,2,2026-01-08T23:34:45,device_done,
S001,complex,2,2026-01-08T23:45:30,device_done,
S001,complex,2,2026-01-08T23:56:45,device_done,
S001,complex,2,2026-01-09T00:04:53,device_done,
S001,complex,2,2026-01-09T00:23:30,device_done,
S001,complex,2,2026-01-09T00:33:10,device_done,
S001,complex,2,2026-01-09T00:44:55,device_done,
S001,complex,2,2026-01-09T00:53:39,device_done,
S001,complex,2,2026-01-09T01:03:00,device_done,
S001,complex,2,2026-01-09T01:10:12,device_done,
S001,complex,2,2026-01-09T01:30:02,device_done,
S001,complex,2,2026-01-09T01:41:19,device_done,
S001,complex,2,2026-01-09T01:58:59,device_done,
S001,complex,2,2026-01-09T02:11:02,device_done,
S001,complex,2,2026-01-09T02:20:08,device_done,
S001,complex,2,2026-01-09T02:30:40,device_done,
S001,complex,2,2026-01-09T02:40:15,device_done,
S001,complex,2,2026-01-09T02:52:17,device_done,
S001,complex,2,2026-01-09T03:02:37,device_done,
S001,complex,2,2026-01-09T03:13:16,device_done,
S001,complex,2,2026-01-09T03:20:10,device_done,
S001,complex,2,2026-01-09T03:28:52,device_done,
S001,complex,2,2026-01-09T03:52:07,device_done,
S001,complex,2,2026-01-09T04:01:18,device_done,
S001,complex,2,2026-01-09T04:09:10,device_done,
S001,complex,2,2026-01-09T04:22:54,device_done,
S001,complex,2,2026-01-09T04:43:58,device_done,
S001,complex,2,2026-01-09T04:50:41,device_done,
S001,complex,2,2026-01-09T05:01:43,device_done,
S001,complex,2,2026-01-09T05:11:02,device_done,
S001,complex,2,2026-01-09T05:16:58,device_done,
S001,complex,2,2026-01-09T05:16:58,qa_rework,
S001,complex,2,2026-01-09T05:31:37,closure_start,
S001,complex,2,2026-01-09T07:06:39,checkout,
S001,complex,2,2026-01-09T09:00:00,report_start,
S001,complex,2,2026-01-09T11:05:59,report_sent,
S002,renewables,1,2026-01-12T10:34:12,prep_start,
S002,renewables,1,2026-01-12T13:42:30,prep_end,
S002,renewables,1,2026-01-12T18:00:00,depart,
S002,renewables,1,2026-01-12T18:58:59,check_in,
S002,renewables,1,2026-01-12T18:58:59,gate_start,
S002,renewables,1,2026-01-12T20:16:42,gate_end,
S002,renewables,1,2026-01-12T20:16:42,gonogo_wait_start,
S002,renewables,1,2026-01-12T20:55:24,no_go,go/no-go not granted
S002,renewables,1,2026-01-12T20:55:24,revisit_scheduled,
S002,renewables,1,2026-01-13T09:00:00,report_start,
S002,renewables,1,2026-01-13T10:30:09,report_sent,
S002,renewables,2,2026-01-13T11:42:42,prep_start,
S002,renewables,2,2026-01-13T13:53:46,prep_end,
S002,renewables,2,2026-01-13T18:00:00,depart,
S002,renewables,2,2026-01-13T19:12:38,check_in,
S002,renewables,2,2026-01-13T19:12:38,gate_start,
S002,renewables,2,2026-01-13T20:06:11,gate_end,
S002,renewables,2,2026-01-13T20:06:11,hardware_issue,
S002,renewables,2,2026-01-13T21:05:09,resumed,
S002,renewables,2,2026-01-13T21:21:53,device_done,
S002,renewables,2,2026-01-13T21:29:19,renewables_call,
S002,renewables,2,2026-01-13T21:39:19,device_done,
S002,renewables,2,2026-01-13T21:45:37,renewables_call,
S002,renewables,2,2026-01-13T21:52:55,device_done,
S002,renewables,2,2026-01-13T21:59:03,renewables_call,
S002,renewables,2,2026-01-13T22:13:40,device_done,
S002,renewables,2,2026-01-13T22:21:02,renewables_call,
S002,renewables,2,2026-01-13T22:46:29,device_done,
S002,renewables,2,2026-01-13T22:54:13,renewables_call,
S002,renewables,2,2026-01-13T23:01:49,device_done,
S002,renewables,2,2026-01-13T23:07:00,renewables_call,
S002,renewables,2,2026-01-13T23:07:00,closure_start,
S002,renewables,2,2026-01-14T00:07:56,checkout,
S002,renewables,2,2026-01-14T09:00:00,report_start,
S002,renewables,2,2026-01-14T10:56:29,report_sent,
S003,standard,1,2026-01-14T11:36:51,prep_start,
S003,standard,1,2026-01-14T14:53:49,prep_end,
S003,standard,1,2026-01-14T18:00:00,depart,
S003,standard,1,2026-01-14T19:08:18,check_in,
S003,standard,1,2026-01-14T19:08:18,gate_start,
S003,standard,1,2026-01-14T20:08:51,gate_end,
S003,standard,1,2026-01-14T20:17:00,device_done,
S003,standard,1,2026-01-14T20:23:13,device_done,
S003,standard,1,2026-01-14T20:37:54,device_done,
S003,standard,1,2026-01-14T20:49:37,device_done,
S003,standard,1,2026-01-14T21:03:44,device_done,
S003,standard,1,2026-01-14T21:11:48,device_done,
S003,standard,1,2026-01-14T21:21:02,device_done,
S003,standard,1,2026-01-14T21:29:05,device_done,
S003,standard,1,2026-01-14T21:37:30,device_done,
S003,standard,1,2026-01-14T21:50:28,device_done,
S003,standard,1,2026-01-14T21:59:15,device_done,
S003,standard,1,2026-01-14T22:13:05,device_done,
S003,standard,1,2026-01-14T22:26:50,device_done,
S003,standard,1,2026-01-14T22:53:48,device_done,
S003,standard,1,2026-01-14T23:00:41,device_done,
S003,standard,1,2026-01-14T23:17:48,device_done,
S003,standard,1,2026-01-14T23:29:22,device_done,
S003,standard,1,2026-01-14T23:41:18,device_done,
S003,standard,1,2026-01-14T23:48:02,device_done,
S003,standard,1,2026-01-14T23:48:02,qa_rework,
S003,standard,1,2026-01-15T00:09:45,qa_rework,
S003,standard,1,2026-01-15T00:37:34,closure_start,
S003,standard,1,2026-01-15T02:13:39,checkout,
S003,standard,1,2026-01-15T09:00:00,report_start,
S003,standard,1,2026-01-15T10:37:57,report_sent,
S004,standard,1,2026-01-15T11:18:50,prep_start,
S004,standard,1,2026-01-15T13:32:50,prep_end,
S004,standard,1,2026-01-15T18:00:00,depart,
S004,standard,1,2026-01-15T18:11:48,check_in,
S004,standard,1,2026-01-15T18:11:48,gate_start,
S004,standard,1,2026-01-15T19:26:41,gate_end,
S004,standard,1,2026-01-15T19:26:41,packet_issue,
S004,standard,1,2026-01-15T20:50:09,resumed,
S004,standard,1,2026-01-15T20:50:09,remediation_block,
S004,standard,1,2026-01-15T22:14:23,no_go,remediation abort
S004,standard,1,2026-01-15T22:14:23,revisit_scheduled,
S004,standard,1,2026-01-16T09:00:00,report_start,
S004,standard,1,2026-01-16T10:21:53,report_sent,
S004,standard,2,2026-01-19T11:55:42,prep_start,
S004,standard,2,2026-01-19T13:52:44,prep_end,
S004,standard,2,2026-01-19T18:00:00,depart,
S004,standard,2,2026-01-19T19:19:05,check_in,
S004,standard,2,2026-01-19T19:19:05,gate_start,
S004,standard,2,2026-01-19T20:26:33,gate_end,
S004,standard,2,2026-01-19T20:33:46,device_done,
S004,standard,2,2026-01-19T20:45:08,device_done,
S004,standard,2,2026-01-19T20:57:06,device_done,
S004,standard,2,2026-01-19T21:04:09,device_done,
S004,standard,2,2026-01-19T21:28:03,device_done,
S004,standard,2,2026-01-19T21:49:34,device_done,
S004,standard,2,2026-01-19T21:59:33,device_done,
S004,standard,2,2026-01-19T22:15:53,device_done,
S004,standard,2,2026-01-19T22:29:51,device_done,
S004,standard,2,2026-01-19T22:34:04,device_done,
S004,standard,2,2026-01-19T22:47:20,device_done,
S004,standard,2,2026-01-19T22:59:02,device_done,
S004,standard,2,2026-01-19T23:11:27,device_done,
S004,standard,2,2026-01-19T23:19:15,device_done,
S004,standard,2,2026-01-19T23:30:01,device_done,
S004,standard,2,2026-01-19T23:30:01,closure_start,
S004,standard,2,2026-01-20T01:11:20,checkout,
S004,standard,2,2026-01-20T09:00:00,report_start,
S004,standard,2,2026-01-20T10:21:16,report_sent,
S005,complex,1,2026-01-20T10:52:01,prep_start,
S005,complex,1,2026-01-20T13:42:44,prep_end,
S005,complex,1,2026-01-20T18:00:00,depart,
S005,complex,1,2026-01-20T18:24:11,check_in,
S005,complex,1,2026-01-20T18:24:11,gate_start,
S005,complex,1,2026-01-20T20:20:42,gate_end,
S005,complex,1,2026-01-20T20:31:33,device_done,
S005,complex,1,2026-01-20T20:42:37,device_done,
S005,complex,1,2026-01-20T20:54:53,device_done,
S005,complex,1,2026-01-20T21:16:51,device_done,
S005,complex,1,2026-01-20T21:31:50,device_done,
S005,complex,1,2026-01-20T21:43:33,device_done,
S005,complex,1,2026-01-20T21:53:04,device_done,
S005,complex,1,2026-01-20T22:02:23,device_done,
S005,complex,1,2026-01-20T22:25:10,device_done,
S005,complex,1,2026-01-20T22:39:52,device_done,
S005,complex,1,2026-01-20T22:52:11,device_done,
S005,complex,1,2026-01-20T23:02:38,device_done,
S005,complex,1,2026-01-20T23:10:20,device_done,
S005,complex,1,2026-01-20T23:22:01,device_done,
S005,complex,1,2026-01-20T23:39:02,device_done,
S005,complex,1,2026-01-20T23:49:18,device_done,
S005,complex,1,2026-01-21T00:00:15,device_done,
S005,complex,1,2026-01-21T00:11:14,device_done,
S005,complex,1,2026-01-21T00:23:47,device_done,
S005,complex,1,2026-01-21T00:30:07,device_done,
S005,complex,1,2026-01-21T00:41:03,device_done,
S005,complex,1,2026-01-21T00:49:34,device_done,
S005,complex,1,2026-01-21T01:06:40,device_done,
S005,complex,1,2026-01-21T01:15:29,device_done,
S005,complex,1,2026-01-21T01:30:36,device_done,
S005,complex,1,2026-01-21T01:52:41,device_done,
S005,complex,1,2026-01-21T02:03:16,device_done,
S005,complex,1,2026-01-21T02:12:42,device_done,
S005,complex,1,2026-01-21T02:25:39,device_done,
S005,complex,1,2026-01-21T02:37:38,device_done,
S005,complex,1,2026-01-21T02:45:42,device_done,
S005,complex,1,2026-01-21T02:45:42,qa_rework,
S005,complex,1,2026-01-21T03:16:29,qa_rework,
S005,complex,1,2026-01-21T03:40:02,qa_rework,
S005,complex,1,2026-01-21T04:00:31,closure_start,
S005,complex,1,2026-01-21T05:12:02,checkout,
S005,complex,1,2026-01-21T09:00:00,report_start,
S005,complex,1,2026-01-21T11:04:59,report_sent,
S006,standard,1,2026-01-21T12:07:23,prep_start,
S006,standard,1,2026-01-21T15:59:28,prep_end,
S006,standard,1,2026-01-21T18:00:00,depart,
S006,standard,1,2026-01-21T19:08:18,check_in,
S006,standard,1,2026-01-21T19:08:18,gate_start,
S006,standard,1,2026-01-21T20:50:35,gate_end,
S006,standard,1,2026-01-21T20:50:35,access_issue,
S006,standard,1,2026-01-21T21:18:11,resumed,
S006,standard,1,2026-01-21T21:35:48,device_done,
S006,standard,1,2026-01-21T21:44:02,device_done,
S006,standard,1,2026-01-21T21:52:33,device_done,
S006,standard,1,2026-01-21T22:02:22,device_done,
S006,standard,1,2026-01-21T22:15:51,device_done,
S006,standard,1,2026-01-21T22:26:54,device_done,
S006,standard,1,2026-01-21T22:39:59,device_done,
S006,standard,1,2026-01-21T22:53:30,device_done,
S006,standard,1,2026-01-21T23:04:09,device_done,
S006,standard,1,2026-01-21T23:15:57,device_done,
S006,standard,1,2026-01-21T23:28:59,device_done,
S006,standard,1,2026-01-21T23:40:35,device_done,
S006,standard,1,2026-01-21T23:55:16,device_done,
S006,standard,1,2026-01-22T00:20:38,device_done,
S006,standard,1,2026-01-22T00:35:50,device_done,
S006,standard,1,2026-01-22T00:35:50,qa_rework,
S006,standard,1,2026-01-22T00:52:08,closure_start,
S006,standard,1,2026-01-22T02:38:05,checkout,
S006,standard,1,2026-01-22T09:00:00,report_start,
S006,standard,1,2026-01-22T10:28:49,report_sent,
S007,renewables,1,2026-01-22T11:46:45,prep_start,
S007,renewables,1,2026-01-22T14:25:07,prep_end,
S007,renewables,1,2026-01-22T18:00:00,depart,
S007,renewables,1,2026-01-22T18:25:31,check_in,
S007,renewables,1,2026-01-22T18:25:31,gate_start,
S007,renewables,1,2026-01-22T20:07:39,gate_end,
S007,renewables,1,2026-01-22T20:07:39,packet_issue,
S007,renewables,1,2026-01-22T21:06:50,resumed,
S007,renewables,1,2026-01-22T21:06:50,gonogo_wait_start,
S007,renewables,1,2026-01-22T21:37:18,gonogo_wait_end,
S007,renewables,1,2026-01-22T21:49:53,device_done,
S007,renewables,1,2026-01-22T21:56:41,renewables_call,
S007,renewables,1,2026-01-22T22:15:24,device_done,
S007,renewables,1,2026-01-22T22:22:04,renewables_call,
S007,renewables,1,2026-01-22T22:40:35,device_done,
S007,renewables,1,2026-01-22T22:45:38,renewables_call,
S007,renewables,1,2026-01-22T23:00:23,device_done,
S007,renewables,1,2026-01-22T23:07:28,renewables_call,
S007,renewables,1,2026-01-22T23:17:44,device_done,
S007,renewables,1,2026-01-22T23:26:03,renewables_call,
S007,renewables,1,2026-01-22T23:33:11,device_done,
S007,renewables,1,2026-01-22T23:38:21,renewables_call,
S007,renewables,1,2026-01-22T23:54:50,device_done,
S007,renewables,1,2026-01-22T23:59:19,renewables_call,
S007,renewables,1,2026-01-23T00:12:24,device_done,
S007,renewables,1,2026-01-23T00:16:32,renewables_call,
S007,renewables,1,2026-01-23T00:22:31,device_done,
S007,renewables,1,2026-01-23T00:28:40,renewables_call,
S007,renewables,1,2026-01-23T00:41:33,device_done,
S007,renewables,1,2026-01-23T00:46:32,renewables_call,
S007,renewables,1,2026-01-23T00:56:51,device_done,
S007,renewables,1,2026-01-23T01:03:37,renewables_call,
S007,renewables,1,2026-01-23T01:16:41,device_done,
S007,renewables,1,2026-01-23T01:25:22,renewables_call,
S007,renewables,1,2026-01-23T01:33:38,device_done,
S007,renewables,1,2026-01-23T01:39:06,renewables_call,
S007,renewables,1,2026-01-23T01:39:06,closure_start,
S007,renewables,1,2026-01-23T02:51:34,checkout,
S007,renewables,1,2026-01-23T09:00:00,report_start,
S007,renewables,1,2026-01-23T11:00:16,report_sent,
S008,renewables,1,2026-01-26T11:17:47,prep_start,
S008,renewables,1,2026-01-26T14:21:58,prep_end,
S008,renewables,1,2026-01-26T18:00:00,depart,
S008,renewables,1,2026-01-26T18:34:09,check_in,
S008,renewables,1,2026-01-26T18:34:09,gate_start,
S008,renewables,1,2026-01-26T20:02:12,gate_end,
S008,renewables,1,2026-01-26T20:02:12,packet_issue,
S008,renewables,1,2026-01-26T21:47:13,resumed,
S008,renewables,1,2026-01-26T21:54:29,device_done,
S008,renewables,1,2026-01-26T22:00:34,renewables_call,
S008,renewables,1,2026-01-26T22:14:18,device_done,
S008,renewables,1,2026-01-26T22:22:46,renewables_call,
S008,renewables,1,2026-01-26T22:32:35,device_done,
S008,renewables,1,2026-01-26T22:38:12,renewables_call,
S008,renewables,1,2026-01-26T22:49:58,device_done,
S008,renewables,1,2026-01-26T22:56:00,renewables_call,
S008,renewables,1,2026-01-26T23:04:37,device_done,
S008,renewables,1,2026-01-26T23:10:51,renewables_call,
S008,renewables,1,2026-01-26T23:18:49,device_done,
S008,renewables,1,2026-01-26T23:23:28,renewables_call,
S008,renewables,1,2026-01-26T23:35:14,device_done,
S008,renewables,1,2026-01-26T23:39:54,renewables_call,
S008,renewables,1,2026-01-26T23:39:54,closure_start,
S008,renewables,1,2026-01-27T01:10:52,checkout,
S008,renewables,1,2026-01-27T09:00:00,report_start,
S008,renewables,1,2026-01-27T11:03:46,report_sent,
S009,standard,1,2026-01-27T10:51:02,prep_start,
S009,standard,1,2026-01-27T13:26:07,prep_end,
S009,standard,1,2026-01-27T18:00:00,depart,
S009,standard,1,2026-01-27T20:06:54,check_in,
S009,standard,1,2026-01-27T20:06:54,gate_start,
S009,standard,1,2026-01-27T21:40:51,gate_end,
S009,standard,1,2026-01-27T21:56:07,device_done,
S009,standard,1,2026-01-27T22:07:54,device_done,
S009,standard,1,2026-01-27T22:15:40,device_done,
S009,standard,1,2026-01-27T22:27:11,device_done,
S009,standard,1,2026-01-27T22:39:26,device_done,
S009,standard,1,2026-01-27T22:57:03,device_done,
S009,standard,1,2026-01-27T23:05:24,device_done,
S009,standard,1,2026-01-27T23:17:13,device_done,
S009,standard,1,2026-01-27T23:23:14,device_done,
S009,standard,1,2026-01-27T23:38:49,device_done,
S009,standard,1,2026-01-27T23:46:36,device_done,
S009,standard,1,2026-01-27T23:52:25,device_done,
S009,standard,1,2026-01-28T00:04:08,device_done,
S009,standard,1,2026-01-28T00:22:49,device_done,
S009,standard,1,2026-01-28T00:29:20,device_done,
S009,standard,1,2026-01-28T00:37:06,device_done,
S009,standard,1,2026-01-28T00:37:06,closure_start,
S009,standard,1,2026-01-28T01:52:53,checkout,
S009,standard,1,2026-01-28T09:00:00,report_start,
S009,standard,1,2026-01-28T10:25:42,report_sent,
S010,standard,1,2026-01-28T11:38:39,prep_start,
S010,standard,1,2026-01-28T14:10:59,prep_end,
S010,standard,1,2026-01-28T18:00:00,depart,
S010,standard,1,2026-01-28T18:36:54,check_in,
S010,standard,1,2026-01-28T18:36:54,gate_start,
S010,standard,1,2026-01-28T19:51:23,gate_end,
S010,standard,1,2026-01-28T20:04:11,device_done,
S010,standard,1,2026-01-28T20:16:25,device_done,
S010,standard,1,2026-01-28T20:42:10,device_done,
S010,standard,1,2026-01-28T20:50:05,device_done,
S010,standard,1,2026-01-28T20:56:31,device_done,
S010,standard,1,2026-01-28T21:04:31,device_done,
S010,standard,1,2026-01-28T21:11:34,device_done,
S010,standard,1,2026-01-28T21:27:44,device_done,
S010,standard,1,2026-01-28T21:44:24,device_done,
S010,standard,1,2026-01-28T21:52:34,device_done,
S010,standard,1,2026-01-28T21:59:27,device_done,
S010,standard,1,2026-01-28T22:09:52,device_done,
S010,standard,1,2026-01-28T22:30:48,device_done,
S010,standard,1,2026-01-28T22:34:41,device_done,
S010,standard,1,2026-01-28T22:34:41,qa_rework,
S010,standard,1,2026-01-28T22:55:14,closure_start,
S010,standard,1,2026-01-29T00:23:45,checkout,
S010,standard,1,2026-01-29T09:00:00,report_start,
S010,standard,1,2026-01-29T11:10:12,report_sent,
S011,standard,1,2026-01-29T11:00:03,prep_start,
S011,standard,1,2026-01-29T14:10:24,prep_end,
S011,standard,1,2026-01-29T18:00:00,depart,
S011,standard,1,2026-01-29T19:30:26,check_in,
S011,standard,1,2026-01-29T19:30:26,gate_start,
S011,standard,1,2026-01-29T20:26:15,gate_end,
S011,standard,1,2026-01-29T20:37:48,device_done,
S011,standard,1,2026-01-29T20:45:28,device_done,
S011,standard,1,2026-01-29T20:57:09,device_done,
S011,standard,1,2026-01-29T21:08:58,device_done,
S011,standard,1,2026-01-29T21:29:05,device_done,
S011,standard,1,2026-01-29T21:54:24,device_done,
S011,standard,1,2026-01-29T22:05:45,device_done,
S011,standard,1,2026-01-29T22:14:35,device_done,
S011,standard,1,2026-01-29T22:26:17,device_done,
S011,standard,1,2026-01-29T22:35:42,device_done,
S011,standard,1,2026-01-29T22:44:37,device_done,
S011,standard,1,2026-01-29T22:44:37,closure_start,
S011,standard,1,2026-01-29T23:50:35,checkout,
S011,standard,1,2026-01-30T09:00:00,report_start,
S011,standard,1,2026-01-30T10:22:12,report_sent,
S012,standard,1,2026-02-02T10:55:56,prep_start,
S012,standard,1,2026-02-02T13:32:48,prep_end,
S012,standard,1,2026-02-02T18:00:00,depart,
S012,standard,1,2026-02-02T18:37:21,check_in,
S012,standard,1,2026-02-02T18:37:21,gate_start,
S012,standard,1,2026-02-02T20:01:27,gate_end,
S012,standard,1,2026-02-02T20:08:28,device_done,
S012,standard,1,2026-02-02T20:17:50,device_done,
S012,standard,1,2026-02-02T20:28:30,device_done,
S012,standard,1,2026-02-02T20:33:44,device_done,
S012,standard,1,2026-02-02T20:46:11,device_done,
S012,standard,1,2026-02-02T20:58:56,device_done,
S012,standard,1,2026-02-02T21:10:12,device_done,
S012,standard,1,2026-02-02T21:20:19,device_done,
S012,standard,1,2026-02-02T21:30:39,device_done,
S012,standard,1,2026-02-02T21:38:47,device_done,
S012,standard,1,2026-02-02T21:49:33,device_done,
S012,standard,1,2026-02-02T21:59:10,device_done,
S012,standard,1,2026-02-02T22:11:37,device_done,
S012,standard,1,2026-02-02T22:19:02,device_done,
S012,standard,1,2026-02-02T22:19:02,qa_rework,
S012,standard,1,2026-02-02T22:42:15,qa_rework,
S012,standard,1,2026-02-02T23:01:58,closure_start,
S012,standard,1,2026-02-03T00:35:30,checkout,
S012,standard,1,2026-02-03T09:00:00,report_start,
S012,standard,1,2026-02-03T10:25:44,report_sent,
S013,standard,1,2026-02-03T11:29:31,prep_start,
S013,standard,1,2026-02-03T14:00:51,prep_end,
S013,standard,1,2026-02-03T18:00:00,depart,
S013,standard,1,2026-02-03T19:09:07,check_in,
S013,standard,1,2026-02-03T19:09:07,gate_start,
S013,standard,1,2026-02-03T20:11:30,gate_end,
S013,standard,1,2026-02-03T20:11:30,access_issue,
S013,standard,1,2026-02-03T21:08:56,resumed,
S013,standard,1,2026-02-03T21:28:05,device_done,
S013,standard,1,2026-02-03T21:46:03,device_done,
S013,standard,1,2026-02-03T21:59:14,device_done,
S013,standard,1,2026-02-03T22:05:40,device_done,
S013,standard,1,2026-02-03T22:23:10,device_done,
S013,standard,1,2026-02-03T22:34:29,device_done,
S013,standard,1,2026-02-03T22:38:50,device_done,
S013,standard,1,2026-02-03T22:52:47,device_done,
S013,standard,1,2026-02-03T22:59:24,device_done,
S013,standard,1,2026-02-03T23:06:32,device_done,
S013,standard,1,2026-02-03T23:15:51,device_done,
S013,standard,1,2026-02-03T23:35:49,device_done,
S013,standard,1,2026-02-03T23:46:10,device_done,
S013,standard,1,2026-02-03T23:59:32,device_done,
S013,standard,1,2026-02-04T00:23:41,device_done,
S013,standard,1,2026-02-04T00:46:23,device_done,
S013,standard,1,2026-02-04T00:57:54,device_done,
S013,standard,1,2026-02-04T00:57:54,qa_rework,
S013,standard,1,2026-02-04T01:27:22,closure_start,
S013,standard,1,2026-02-04T03:04:58,checkout,
S013,standard,1,2026-02-04T09:00:00,report_start,
S013,standard,1,2026-02-04T11:08:36,report_sent,
S014,standard,1,2026-02-04T12:03:35,prep_start,
S014,standard,1,2026-02-04T14:08:05,prep_end,
S014,standard,1,2026-02-04T18:00:00,depart,
S014,standard,1,2026-02-04T19:26:29,check_in,
S014,standard,1,2026-02-04T19:26:29,gate_start,
S014,standard,1,2026-02-04T20:35:21,gate_end,
S014,standard,1,2026-02-04T20:41:35,device_done,
S014,standard,1,2026-02-04T20:56:43,device_done,
S014,standard,1,2026-02-04T21:08:27,device_done,
S014,standard,1,2026-02-04T21:22:02,device_done,
S014,standard,1,2026-02-04T21:28:07,device_done,
S014,standard,1,2026-02-04T21:38:29,device_done,
S014,standard,1,2026-02-04T21:47:55,device_done,
S014,standard,1,2026-02-04T21:56:25,device_done,
S014,standard,1,2026-02-04T22:01:17,device_done,
S014,standard,1,2026-02-04T22:11:47,device_done,
S014,standard,1,2026-02-04T22:28:58,device_done,
S014,standard,1,2026-02-04T22:42:56,device_done,
S014,standard,1,2026-02-04T22:52:22,device_done,
S014,standard,1,2026-02-04T23:04:18,device_done,
S014,standard,1,2026-02-04T23:04:18,qa_rework,
S014,standard,1,2026-02-04T23:28:43,closure_start,
S014,standard,1,2026-02-05T00:22:37,checkout,
S014,standard,1,2026-02-05T09:00:00,report_start,
S014,standard,1,2026-02-05T10:50:17,report_sent,
S015,standard,1,2026-02-05T12:02:26,prep_start,
S015,standard,1,2026-02-05T14:22:07,prep_end,
S015,standard,1,2026-02-05T18:00:00,depart,
S015,standard,1,2026-02-05T19:09:46,check_in,
S015,standard,1,2026-02-05T19:09:46,gate_start,
S015,standard,1,2026-02-05T20:31:26,gate_end,
S015,standard,1,2026-02-05T20:43:12,device_done,
S015,standard,1,2026-02-05T20:56:12,device_done,
S015,standard,1,2026-02-05T21:16:44,device_done,
S015,standard,1,2026-02-05T21:28:35,device_done,
S015,standard,1,2026-02-05T21:50:11,device_done,
S015,standard,1,2026-02-05T21:58:20,device_done,
S015,standard,1,2026-02-05T22:09:29,device_done,
S015,standard,1,2026-02-05T22:20:34,device_done,
S015,standard,1,2026-02-05T22:37:00,device_done,
S015,standard,1,2026-02-05T22:55:14,device_done,
S015,standard,1,2026-02-05T23:01:47,device_done,
S015,standard,1,2026-02-05T23:10:07,device_done,
S015,standard,1,2026-02-05T23:23:51,device_done,
S015,standard,1,2026-02-05T23:33:04,device_done,
S015,standard,1,2026-02-05T23:39:35,device_done,
S015,standard,1,2026-02-05T23:57:46,device_done,
S015,standard,1,2026-02-06T00:12:23,device_done,
S015,standard,1,2026-02-06T00:27:00,device_done,
S015,standard,1,2026-02-06T00:36:56,device_done,
S015,standard,1,2026-02-06T00:55:02,device_done,
S015,standard,1,2026-02-06T00:55:02,qa_rework,
S015,standard,1,2026-02-06T01:12:49,qa_rework,
S015,standard,1,2026-02-06T01:36:12,qa_rework,
S015,standard,1,2026-02-06T02:06:05,closure_start,
S015,standard,1,2026-02-06T03:49:55,checkout,
S015,standard,1,2026-02-06T09:00:00,report_start,
S015,standard,1,2026-02-06T10:31:23,report_sent,
S016,logical,1,2026-02-09T11:21:36,prep_start,
S016,logical,1,2026-02-09T13:17:36,prep_end,
S016,logical,1,2026-02-09T18:00:00,check_in,
S016,logical,1,2026-02-09T18:00:00,gate_start,
S016,logical,1,2026-02-09T19:00:18,gate_end,
S016,logical,1,2026-02-09T19:09:37,device_done,
S016,logical,1,2026-02-09T19:19:41,device_done,
S016,logical,1,2026-02-09T19:39:09,device_done,
S016,logical,1,2026-02-09T20:08:32,device_done,
S016,logical,1,2026-02-09T20:35:14,device_done,
S016,logical,1,2026-02-09T20:47:33,device_done,
S016,logical,1,2026-02-09T21:00:38,device_done,
S016,logical,1,2026-02-09T21:22:48,device_done,
S016,logical,1,2026-02-09T21:34:13,device_done,
S016,logical,1,2026-02-09T21:42:20,device_done,
S016,logical,1,2026-02-09T21:54:55,device_done,
S016,logical,1,2026-02-09T22:09:17,device_done,
S016,logical,1,2026-02-09T22:09:17,closure_start,
S016,logical,1,2026-02-09T23:58:59,checkout,
S016,logical,1,2026-02-10T09:00:00,report_start,
S016,logical,1,2026-02-10T10:34:17,report_sent,
S017,renewables,1,2026-02-10T11:30:35,prep_start,
S017,renewables,1,2026-02-10T13:37:44,prep_end,
S017,renewables,1,2026-02-10T18:00:00,depart,
S017,renewables,1,2026-02-10T19:21:46,check_in,
S017,renewables,1,2026-02-10T19:21:46,gate_start,
S017,renewables,1,2026-02-10T20:41:30,gate_end,
S017,renewables,1,2026-02-10T20:53:23,device_done,
S017,renewables,1,2026-02-10T20:59:35,renewables_call,
S017,renewables,1,2026-02-10T21:10:00,device_done,
S017,renewables,1,2026-02-10T21:16:02,renewables_call,
S017,renewables,1,2026-02-10T21:31:55,device_done,
S017,renewables,1,2026-02-10T21:38:06,renewables_call,
S017,renewables,1,2026-02-10T21:46:02,device_done,
S017,renewables,1,2026-02-10T21:50:33,renewables_call,
S017,renewables,1,2026-02-10T22:23:36,device_done,
S017,renewables,1,2026-02-10T22:31:04,renewables_call,
S017,renewables,1,2026-02-10T22:31:04,qa_rework,
S017,renewables,1,2026-02-10T22:56:06,closure_start,
S017,renewables,1,2026-02-11T00:26:08,checkout,
S017,renewables,1,2026-02-11T09:00:00,report_start,
S017,renewables,1,2026-02-11T10:39:42,report_sent,
S018,standard,1,2026-02-11T11:32:06,prep_start,
S018,standard,1,2026-02-11T14:13:27,prep_end,
S018,standard,1,2026-02-11T18:00:00,depart,
S018,standard,1,2026-02-11T19:23:55,check_in,
S018,standard,1,2026-02-11T19:23:55,gate_start,
S018,standard,1,2026-02-11T20:43:16,gate_end,
S018,standard,1,2026-02-11T20:43:16,packet_issue,
S018,standard,1,2026-02-11T22:11:54,resumed,
S018,standard,1,2026-02-11T22:11:54,gonogo_wait_start,
S018,standard,1,2026-02-11T22:28:14,gonogo_wait_end,
S018,standard,1,2026-02-11T22:28:14,access_issue,
S018,standard,1,2026-02-11T23:12:21,no_go,access abort
S018,standard,1,2026-02-11T23:12:21,revisit_scheduled,
S018,standard,1,2026-02-12T09:00:00,report_start,
S018,standard,1,2026-02-12T10:44:18,report_sent,
S018,standard,2,2026-02-12T10:32:32,prep_start,
S018,standard,2,2026-02-12T12:27:39,prep_end,
S018,standard,2,2026-02-12T18:00:00,depart,
S018,standard,2,2026-02-12T18:50:52,check_in,
S018,standard,2,2026-02-12T18:50:52,gate_start,
S018,standard,2,2026-02-12T20:07:00,gate_end,
S018,standard,2,2026-02-12T20:25:43,device_done,
S018,standard,2,2026-02-12T20:52:13,device_done,
S018,standard,2,2026-02-12T21:04:19,device_done,
S018,standard,2,2026-02-12T21:10:09,device_done,
S018,standard,2,2026-02-12T21:18:33,device_done,
S018,standard,2,2026-02-12T21:25:57,device_done,
S018,standard,2,2026-02-12T21:35:46,device_done,
S018,standard,2,2026-02-12T21:48:10,device_done,
S018,standard,2,2026-02-12T21:53:33,device_done,
S018,standard,2,2026-02-12T22:07:18,device_done,
S018,standard,2,2026-02-12T22:13:52,device_done,
S018,standard,2,2026-02-12T22:27:23,device_done,
S018,standard,2,2026-02-12T22:38:52,device_done,
S018,standard,2,2026-02-12T22:49:27,device_done,
S018,standard,2,2026-02-12T22:49:27,qa_rework,
S018,standard,2,2026-02-12T23:09:26,qa_rework,
S018,standard,2,2026-02-12T23:28:08,closure_start,
S018,standard,2,2026-02-13T00:30:15,checkout,
S018,standard,2,2026-02-13T09:00:00,report_start,
S018,standard,2,2026-02-13T10:43:58,report_sent,
S019,logical,1,2026-02-16T11:14:41,prep_start,
S019,logical,1,2026-02-16T13:34:57,prep_end,
S019,logical,1,2026-02-16T18:00:00,check_in,
S019,logical,1,2026-02-16T18:00:00,gate_start,
S019,logical,1,2026-02-16T18:52:58,gate_end,
S019,logical,1,2026-02-16T19:04:38,device_done,
S019,logical,1,2026-02-16T19:15:19,device_done,
S019,logical,1,2026-02-16T19:27:46,device_done,
S019,logical,1,2026-02-16T19:37:51,device_done,
S019,logical,1,2026-02-16T19:49:27,device_done,
S019,logical,1,2026-02-16T19:57:14,device_done,
S019,logical,1,2026-02-16T20:07:34,device_done,
S019,logical,1,2026-02-16T20:37:27,device_done,
S019,logical,1,2026-02-16T20:49:07,device_done,
S019,logical,1,2026-02-16T21:00:01,device_done,
S019,logical,1,2026-02-16T21:00:01,closure_start,
S019,logical,1,2026-02-16T22:45:17,checkout,
S019,logical,1,2026-02-17T09:00:00,report_start,
S019,logical,1,2026-02-17T10:22:55,report_sent,
S020,standard,1,2026-02-17T11:24:09,prep_start,
S020,standard,1,2026-02-17T13:28:34,prep_end,
S020,standard,1,2026-02-17T18:00:00,depart,
S020,standard,1,2026-02-17T20:10:29,check_in,
S020,standard,1,2026-02-17T20:10:29,gate_start,
S020,standard,1,2026-02-17T21:36:43,gate_end,
S020,standard,1,2026-02-17T21:36:43,packet_issue,
S020,standard,1,2026-02-17T23:14:09,no_go,packet abort
S020,standard,1,2026-02-17T23:14:09,revisit_scheduled,
S020,standard,1,2026-02-18T09:00:00,report_start,
S020,standard,1,2026-02-18T10:18:15,report_sent,
S020,standard,2,2026-02-18T11:35:22,prep_start,
S020,standard,2,2026-02-18T15:06:26,prep_end,
S020,standard,2,2026-02-18T18:00:00,depart,
S020,standard,2,2026-02-18T19:23:36,check_in,
S020,standard,2,2026-02-18T19:23:36,gate_start,
S020,standard,2,2026-02-18T21:06:05,gate_end,
S020,standard,2,2026-02-18T21:06:05,remediation_block,
S020,standard,2,2026-02-18T22:17:49,no_go,remediation abort
S020,standard,2,2026-02-18T22:17:49,revisit_scheduled,
S020,standard,2,2026-02-19T09:00:00,report_start,
S020,standard,2,2026-02-19T10:51:22,report_sent,
S020,standard,3,2026-02-19T10:59:33,prep_start,
S020,standard,3,2026-02-19T13:53:41,prep_end,
S020,standard,3,2026-02-19T18:00:00,depart,
S020,standard,3,2026-02-19T18:21:14,check_in,
S020,standard,3,2026-02-19T18:21:14,gate_start,
S020,standard,3,2026-02-19T19:23:22,gate_end,
S020,standard,3,2026-02-19T19:36:58,device_done,
S020,standard,3,2026-02-19T19:59:36,device_done,
S020,standard,3,2026-02-19T20:10:41,device_done,
S020,standard,3,2026-02-19T20:17:11,device_done,
S020,standard,3,2026-02-19T20:26:03,device_done,
S020,standard,3,2026-02-19T20:34:21,device_done,
S020,standard,3,2026-02-19T20:41:44,device_done,
S020,standard,3,2026-02-19T20:56:01,device_done,
S020,standard,3,2026-02-19T21:05:17,device_done,
S020,standard,3,2026-02-19T21:10:43,device_done,
S020,standard,3,2026-02-19T21:26:35,device_done,
S020,standard,3,2026-02-19T21:38:04,device_done,
S020,standard,3,2026-02-19T21:51:54,device_done,
S020,standard,3,2026-02-19T22:04:25,device_done,
S020,standard,3,2026-02-19T22:19:52,device_done,
S020,standard,3,2026-02-19T22:32:03,device_done,
S020,standard,3,2026-02-19T22:51:44,device_done,
S020,standard,3,2026-02-19T23:05:57,device_done,
S020,standard,3,2026-02-19T23:05:57,qa_rework,
S020,standard,3,2026-02-19T23:25:00,qa_rework,
S020,standard,3,2026-02-19T23:45:19,closure_start,
S020,standard,3,2026-02-20T01:16:54,checkout,
S020,standard,3,2026-02-20T09:00:00,report_start,
S020,standard,3,2026-02-20T10:37:47,report_sent,
S021,standard,1,2026-02-23T11:10:04,prep_start,
S021,standard,1,2026-02-23T13:21:02,prep_end,
S021,standard,1,2026-02-23T18:00:00,depart,
S021,standard,1,2026-02-23T18:25:31,check_in,
S021,standard,1,2026-02-23T18:25:31,gate_start,
S021,standard,1,2026-02-23T19:51:49,gate_end,
S021,standard,1,2026-02-23T19:51:49,access_issue,
S021,standard,1,2026-02-23T20:38:30,resumed,
S021,standard,1,2026-02-23T20:56:15,device_done,
S021,standard,1,2026-02-23T21:29:49,device_done,
S021,standard,1,2026-02-23T21:37:51,device_done,
S021,standard,1,2026-02-23T21:47:48,device_done,
S021,standard,1,2026-02-23T21:56:23,device_done,
S021,standard,1,2026-02-23T22:12:48,device_done,
S021,standard,1,2026-02-23T22:20:23,device_done,
S021,standard,1,2026-02-23T22:30:16,device_done,
S021,standard,1,2026-02-23T22:42:08,device_done,
S021,standard,1,2026-02-23T22:50:15,device_done,
S021,standard,1,2026-02-23T22:58:26,device_done,
S021,standard,1,2026-02-23T23:08:21,device_done,
S021,standard,1,2026-02-23T23:13:32,device_done,
S021,standard,1,2026-02-23T23:20:16,device_done,
S021,standard,1,2026-02-23T23:20:16,qa_rework,
S021,standard,1,2026-02-23T23:44:47,closure_start,
S021,standard,1,2026-02-24T01:08:07,checkout,
S021,standard,1,2026-02-24T09:00:00,report_start,
S021,standard,1,2026-02-24T11:03:18,report_sent,
S022,standard,1,2026-02-24T11:35:40,prep_start,
S022,standard,1,2026-02-24T13:11:53,prep_end,
S022,standard,1,2026-02-24T18:00:00,depart,
S022,standard,1,2026-02-24T18:38:30,check_in,
S022,standard,1,2026-02-24T18:38:30,gate_start,
S022,standard,1,2026-02-24T19:57:25,gate_end,
S022,standard,1,2026-02-24T19:57:25,packet_issue,
S022,standard,1,2026-02-24T20:50:48,resumed,
S022,standard,1,2026-02-24T20:50:48,gonogo_wait_start,
S022,standard,1,2026-02-24T21:41:02,gonogo_wait_end,
S022,standard,1,2026-02-24T21:52:18,device_done,
S022,standard,1,2026-02-24T22:24:45,device_done,
S022,standard,1,2026-02-24T22:41:03,device_done,
S022,standard,1,2026-02-24T22:50:52,device_done,
S022,standard,1,2026-02-24T23:02:28,device_done,
S022,standard,1,2026-02-24T23:16:09,device_done,
S022,standard,1,2026-02-24T23:35:37,device_done,
S022,standard,1,2026-02-24T23:45:29,device_done,
S022,standard,1,2026-02-24T23:51:28,device_done,
S022,standard,1,2026-02-25T00:02:12,device_done,
S022,standard,1,2026-02-25T00:14:16,device_done,
S022,standard,1,2026-02-25T00:26:49,device_done,
S022,standard,1,2026-02-25T00:47:08,device_done,
S022,standard,1,2026-02-25T01:00:45,device_done,
S022,standard,1,2026-02-25T01:00:45,closure_start,
S022,standard,1,2026-02-25T02:13:07,checkout,
S022,standard,1,2026-02-25T09:00:00,report_start,
S022,standard,1,2026-02-25T10:17:39,report_sent,
S023,standard,1,2026-02-25T11:06:05,prep_start,
S023,standard,1,2026-02-25T13:47:54,prep_end,
S023,standard,1,2026-02-25T18:00:00,depart,
S023,standard,1,2026-02-25T20:26:37,check_in,
S023,standard,1,2026-02-25T20:26:37,gate_start,
S023,standard,1,2026-02-25T21:25:20,gate_end,
S023,standard,1,2026-02-25T21:36:05,device_done,
S023,standard,1,2026-02-25T21:48:40,device_done,
S023,standard,1,2026-02-25T22:00:03,device_done,
S023,standard,1,2026-02-25T22:07:39,device_done,
S023,standard,1,2026-02-25T22:19:33,device_done,
S023,standard,1,2026-02-25T22:36:36,device_done,
S023,standard,1,2026-02-25T22:44:45,device_done,
S023,standard,1,2026-02-25T22:55:39,device_done,
S023,standard,1,2026-02-25T23:11:18,device_done,
S023,standard,1,2026-02-25T23:19:07,device_done,
S023,standard,1,2026-02-25T23:32:02,device_done,
S023,standard,1,2026-02-25T23:39:53,device_done,
S023,standard,1,2026-02-25T23:58:47,device_done,
S023,standard,1,2026-02-26T00:29:03,device_done,
S023,standard,1,2026-02-26T00:55:59,device_done,
S023,standard,1,2026-02-26T01:06:59,device_done,
S023,standard,1,2026-02-26T01:23:07,device_done,
S023,standard,1,2026-02-26T01:35:43,device_done,
S023,standard,1,2026-02-26T01:48:13,device_done,
S023,standard,1,2026-02-26T01:48:13,qa_rework,
S023,standard,1,2026-02-26T02:17:21,closure_start,
S023,standard,1,2026-02-26T03:56:19,checkout,
S023,standard,1,2026-02-26T09:00:00,report_start,
S023,standard,1,2026-02-26T11:26:35,report_sent,
S024,standard,1,2026-02-26T11:39:45,prep_start,
S024,standard,1,2026-02-26T15:11:06,prep_end,
S024,standard,1,2026-02-26T18:00:00,depart,
S024,standard,1,2026-02-26T19:01:04,check_in,
S024,standard,1,2026-02-26T19:01:04,gate_start,
S024,standard,1,2026-02-26T19:59:32,gate_end,
S024,standard,1,2026-02-26T19:59:32,packet_issue,
S024,standard,1,2026-02-26T21:52:20,resumed,
S024,standard,1,2026-02-26T21:52:20,gonogo_wait_start,
S024,standard,1,2026-02-26T22:40:48,gonogo_wait_end,
S024,standard,1,2026-02-26T22:51:56,device_done,
S024,standard,1,2026-02-26T23:11:14,device_done,
S024,standard,1,2026-02-26T23:18:07,device_done,
S024,standard,1,2026-02-26T23:37:27,device_done,
S024,standard,1,2026-02-26T23:46:45,device_done,
S024,standard,1,2026-02-26T23:54:28,device_done,
S024,standard,1,2026-02-27T00:14:20,device_done,
S024,standard,1,2026-02-27T00:25:53,device_done,
S024,standard,1,2026-02-27T00:33:01,device_done,
S024,standard,1,2026-02-27T00:43:25,device_done,
S024,standard,1,2026-02-27T01:00:49,device_done,
S024,standard,1,2026-02-27T01:20:09,device_done,
S024,standard,1,2026-02-27T01:30:16,device_done,
S024,standard,1,2026-02-27T01:44:23,device_done,
S024,standard,1,2026-02-27T01:44:23,closure_start,
S024,standard,1,2026-02-27T02:40:41,checkout,
S024,standard,1,2026-02-27T09:00:00,report_start,
S024,standard,1,2026-02-27T10:30:09,report_sent,
S025,standard,1,2026-03-02T11:18:47,prep_start,
S025,standard,1,2026-03-02T13:47:23,prep_end,
S025,standard,1,2026-03-02T18:00:00,depart,
S025,standard,1,2026-03-02T19:00:54,check_in,
S025,standard,1,2026-03-02T19:00:54,gate_start,
S025,standard,1,2026-03-02T20:09:27,gate_end,
S025,standard,1,2026-03-02T20:24:38,device_done,
S025,standard,1,2026-03-02T20:54:24,device_done,
S025,standard,1,2026-03-02T21:03:01,device_done,
S025,standard,1,2026-03-02T21:19:36,device_done,
S025,standard,1,2026-03-02T21:30:10,device_done,
S025,standard,1,2026-03-02T21:55:23,device_done,
S025,standard,1,2026-03-02T22:19:04,device_done,
S025,standard,1,2026-03-02T22:24:34,device_done,
S025,standard,1,2026-03-02T22:32:42,device_done,
S025,standard,1,2026-03-02T22:32:42,qa_rework,
S025,standard,1,2026-03-02T23:04:43,closure_start,
S025,standard,1,2026-03-03T00:18:55,checkout,
S025,standard,1,2026-03-03T09:00:00,report_start,
S025,standard,1,2026-03-03T10:36:13,report_sent,
S026,standard,1,2026-03-03T11:41:46,prep_start,
S026,standard,1,2026-03-03T14:30:26,prep_end,
S026,standard,1,2026-03-03T18:00:00,depart,
S026,standard,1,2026-03-03T18:19:23,check_in,
S026,standard,1,2026-03-03T18:19:23,gate_start,
S026,standard,1,2026-03-03T19:44:10,gate_end,
S026,standard,1,2026-03-03T19:52:30,device_done,
S026,standard,1,2026-03-03T20:00:50,device_done,
S026,standard,1,2026-03-03T20:07:15,device_done,
S026,standard,1,2026-03-03T20:19:07,device_done,
S026,standard,1,2026-03-03T20:33:45,device_done,
S026,standard,1,2026-03-03T20:51:49,device_done,
S026,standard,1,2026-03-03T21:03:10,device_done,
S026,standard,1,2026-03-03T21:21:24,device_done,
S026,standard,1,2026-03-03T21:33:30,device_done,
S026,standard,1,2026-03-03T21:45:03,device_done,
S026,standard,1,2026-03-03T22:00:09,device_done,
S026,standard,1,2026-03-03T22:00:09,qa_rework,
S026,standard,1,2026-03-03T22:12:18,closure_start,
S026,standard,1,2026-03-03T23:21:40,checkout,
S026,standard,1,2026-03-04T09:00:00,report_start,
S026,standard,1,2026-03-04T10:21:59,report_sent,
S027,complex,1,2026-03-04T11:15:00,prep_start,
S027,complex,1,2026-03-04T13:46:41,prep_end,
S027,complex,1,2026-03-04T18:00:00,depart,
S027,complex,1,2026-03-04T19:15:36,check_in,
S027,complex,1,2026-03-04T19:15:36,gate_start,
S027,complex,1,2026-03-04T20:20:14,gate_end,
S027,complex,1,2026-03-04T20:44:40,device_done,
S027,complex,1,2026-03-04T21:02:16,device_done,
S027,complex,1,2026-03-04T21:11:29,device_done,
S027,complex,1,2026-03-04T21:21:47,device_done,
S027,complex,1,2026-03-04T21:36:04,device_done,
S027,complex,1,2026-03-04T21:48:22,device_done,
S027,complex,1,2026-03-04T22:00:36,device_done,
S027,complex,1,2026-03-04T22:11:18,device_done,
S027,complex,1,2026-03-04T22:17:08,device_done,
S027,complex,1,2026-03-04T22:28:06,device_done,
S027,complex,1,2026-03-04T22:33:02,device_done,
S027,complex,1,2026-03-04T22:46:57,device_done,
S027,complex,1,2026-03-04T22:55:56,device_done,
S027,complex,1,2026-03-04T23:04:57,device_done,
S027,complex,1,2026-03-04T23:15:56,device_done,
S027,complex,1,2026-03-04T23:29:19,device_done,
S027,complex,1,2026-03-04T23:36:05,device_done,
S027,complex,1,2026-03-04T23:42:03,device_done,
S027,complex,1,2026-03-04T23:49:53,device_done,
S027,complex,1,2026-03-04T23:55:11,device_done,
S027,complex,1,2026-03-05T00:03:20,device_done,
S027,complex,1,2026-03-05T00:26:01,device_done,
S027,complex,1,2026-03-05T00:33:53,device_done,
S027,complex,1,2026-03-05T00:49:27,device_done,
S027,complex,1,2026-03-05T00:56:23,device_done,
S027,complex,1,2026-03-05T01:09:54,device_done,
S027,complex,1,2026-03-05T01:20:28,device_done,
S027,complex,1,2026-03-05T01:32:11,device_done,
S027,complex,1,2026-03-05T01:47:15,device_done,
S027,complex,1,2026-03-05T02:11:28,device_done,
S027,complex,1,2026-03-05T02:24:27,device_done,
S027,complex,1,2026-03-05T02:24:27,qa_rework,
S027,complex,1,2026-03-05T02:49:54,closure_start,
S027,complex,1,2026-03-05T03:58:57,checkout,
S027,complex,1,2026-03-05T09:00:00,report_start,
S027,complex,1,2026-03-05T11:50:37,report_sent,
S028,standard,1,2026-03-05T11:28:12,prep_start,
S028,standard,1,2026-03-05T13:59:19,prep_end,
S028,standard,1,2026-03-05T18:00:00,depart,
S028,standard,1,2026-03-05T18:50:20,check_in,
S028,standard,1,2026-03-05T18:50:20,gate_start,
S028,standard,1,2026-03-05T19:53:29,gate_end,
S028,standard,1,2026-03-05T20:01:12,device_done,
S028,standard,1,2026-03-05T20:09:39,device_done,
S028,standard,1,2026-03-05T20:19:52,device_done,
S028,standard,1,2026-03-05T20:37:48,device_done,
S028,standard,1,2026-03-05T20:46:26,device_done,
S028,standard,1,2026-03-05T20:55:32,device_done,
S028,standard,1,2026-03-05T21:12:38,device_done,
S028,standard,1,2026-03-05T21:29:35,device_done,
S028,standard,1,2026-03-05T21:39:55,device_done,
S028,standard,1,2026-03-05T21:47:36,device_done,
S028,standard,1,2026-03-05T21:54:03,device_done,
S028,standard,1,2026-03-05T22:03:08,device_done,
S028,standard,1,2026-03-05T22:08:03,device_done,
S028,standard,1,2026-03-05T22:24:15,device_done,
S028,standard,1,2026-03-05T22:33:34,device_done,
S028,standard,1,2026-03-05T22:48:07,device_done,
S028,standard,1,2026-03-05T23:13:27,device_done,
S028,standard,1,2026-03-05T23:32:38,device_done,
S028,standard,1,2026-03-05T23:32:38,closure_start,
S028,standard,1,2026-03-06T00:44:50,checkout,
S028,standard,1,2026-03-06T09:00:00,report_start,
S028,standard,1,2026-03-06T10:51:49,report_sent,
S029,standard,1,2026-03-09T11:32:07,prep_start,
S029,standard,1,2026-03-09T15:09:05,prep_end,
S029,standard,1,2026-03-09T18:00:00,depart,
S029,standard,1,2026-03-09T18:18:01,check_in,
S029,standard,1,2026-03-09T18:18:01,gate_start,
S029,standard,1,2026-03-09T19:55:55,gate_end,
S029,standard,1,2026-03-09T20:14:50,device_done,
S029,standard,1,2026-03-09T20:19:56,device_done,
S029,standard,1,2026-03-09T20:31:56,device_done,
S029,standard,1,2026-03-09T20:40:57,device_done,
S029,standard,1,2026-03-09T20:53:36,device_done,
S029,standard,1,2026-03-09T21:06:42,device_done,
S029,standard,1,2026-03-09T21:15:02,device_done,
S029,standard,1,2026-03-09T21:24:20,device_done,
S029,standard,1,2026-03-09T21:40:48,device_done,
S029,standard,1,2026-03-09T21:40:48,qa_rework,
S029,standard,1,2026-03-09T22:06:55,closure_start,
S029,standard,1,2026-03-09T23:59:29,checkout,
S029,standard,1,2026-03-10T09:00:00,report_start,
S029,standard,1,2026-03-10T10:43:37,report_sent,
S030,standard,1,2026-03-10T12:00:24,prep_start,
S030,standard,1,2026-03-10T15:19:05,prep_end,
S030,standard,1,2026-03-10T18:00:00,depart,
S030,standard,1,2026-03-10T18:33:09,check_in,
S030,standard,1,2026-03-10T18:33:09,gate_start,
S030,standard,1,2026-03-10T20:12:41,gate_end,
S030,standard,1,2026-03-10T20:12:41,remediation_block,
S030,standard,1,2026-03-10T21:33:29,no_go,remediation abort
S030,standard,1,2026-03-10T21:33:29,revisit_scheduled,
S030,standard,1,2026-03-11T09:00:00,report_start,
S030,standard,1,2026-03-11T10:30:57,report_sent,
S030,standard,2,2026-03-11T11:35:56,prep_start,
S030,standard,2,2026-03-11T14:21:39,prep_end,
S030,standard,2,2026-03-11T18:00:00,depart,
S030,standard,2,2026-03-11T18:58:31,check_in,
S030,standard,2,2026-03-11T18:58:31,gate_start,
S030,standard,2,2026-03-11T20:42:29,gate_end,
S030,standard,2,2026-03-11T20:42:29,packet_issue,
S030,standard,2,2026-03-11T21:35:21,resumed,
S030,standard,2,2026-03-11T21:46:45,device_done,
S030,standard,2,2026-03-11T21:57:21,device_done,
S030,standard,2,2026-03-11T22:13:37,device_done,
S030,standard,2,2026-03-11T22:21:23,device_done,
S030,standard,2,2026-03-11T22:41:54,device_done,
S030,standard,2,2026-03-11T22:54:04,device_done,
S030,standard,2,2026-03-11T23:02:58,device_done,
S030,standard,2,2026-03-11T23:12:50,device_done,
S030,standard,2,2026-03-11T23:21:59,device_done,
S030,standard,2,2026-03-11T23:34:47,device_done,
S030,standard,2,2026-03-11T23:43:47,device_done,
S030,standard,2,2026-03-12T00:02:44,device_done,
S030,standard,2,2026-03-12T00:11:31,device_done,
S030,standard,2,2026-03-12T00:16:21,device_done,
S030,standard,2,2026-03-12T00:25:18,device_done,
S030,standard,2,2026-03-12T00:30:41,device_done,
S030,standard,2,2026-03-12T00:42:29,device_done,
S030,standard,2,2026-03-12T01:00:49,device_done,
S030,standard,2,2026-03-12T01:16:22,device_done,
S030,standard,2,2026-03-12T01:16:22,closure_start,
S030,standard,2,2026-03-12T02:26:35,checkout,
S030,standard,2,2026-03-12T09:00:00,report_start,
S030,standard,2,2026-03-12T10:21:24,report_sent,
S031,standard,1,2026-03-12T11:38:16,prep_start,
S031,standard,1,2026-03-12T14:52:53,prep_end,
S031,standard,1,2026-03-12T18:00:00,depart,
S031,standard,1,2026-03-12T19:54:44,check_in,
S031,standard,1,2026-03-12T19:54:44,gate_start,
S031,standard,1,2026-03-12T21:11:49,gate_end,
S031,standard,1,2026-03-12T21:11:49,packet_issue,
S031,standard,1,2026-03-12T22:37:51,no_go,packet abort
S031,standard,1,2026-03-12T22:37:51,revisit_scheduled,
S031,standard,1,2026-03-13T09:00:00,report_start,
S031,standard,1,2026-03-13T11:40:35,report_sent,
S031,standard,2,2026-03-16T10:40:45,prep_start,
S031,standard,2,2026-03-16T13:02:58,prep_end,
S031,standard,2,2026-03-16T18:00:00,depart,
S031,standard,2,2026-03-16T18:58:11,check_in,
S031,standard,2,2026-03-16T18:58:11,gate_start,
S031,standard,2,2026-03-16T20:37:28,gate_end,
S031,standard,2,2026-03-16T20:48:54,device_done,
S031,standard,2,2026-03-16T21:00:08,device_done,
S031,standard,2,2026-03-16T21:14:26,device_done,
S031,standard,2,2026-03-16T21:32:40,device_done,
S031,standard,2,2026-03-16T21:42:32,device_done,
S031,standard,2,2026-03-16T21:51:10,device_done,
S031,standard,2,2026-03-16T21:57:24,device_done,
S031,standard,2,2026-03-16T22:05:41,device_done,
S031,standard,2,2026-03-16T22:20:33,device_done,
S031,standard,2,2026-03-16T22:32:47,device_done,
S031,standard,2,2026-03-16T22:40:46,device_done,
S031,standard,2,2026-03-16T22:51:06,device_done,
S031,standard,2,2026-03-16T23:03:16,device_done,
S031,standard,2,2026-03-16T23:17:56,device_done,
S031,standard,2,2026-03-16T23:27:24,device_done,
S031,standard,2,2026-03-16T23:38:15,device_done,
S031,standard,2,2026-03-16T23:44:03,device_done,
S031,standard,2,2026-03-16T23:51:38,device_done,
S031,standard,2,2026-03-17T00:14:33,device_done,
S031,standard,2,2026-03-17T00:19:33,device_done,
S031,standard,2,2026-03-17T00:19:33,qa_rework,
S031,standard,2,2026-03-17T00:55:12,closure_start,
S031,standard,2,2026-03-17T02:04:12,checkout,
S031,standard,2,2026-03-17T09:00:00,report_start,
S031,standard,2,2026-03-17T10:01:32,report_sent,
S032,standard,1,2026-03-17T10:22:28,prep_start,
S032,standard,1,2026-03-17T13:26:00,prep_end,
S032,standard,1,2026-03-17T18:00:00,depart,
S032,standard,1,2026-03-17T18:39:07,check_in,
S032,standard,1,2026-03-17T18:39:07,gate_start,
S032,standard,1,2026-03-17T20:05:43,gate_end,
S032,standard,1,2026-03-17T20:24:55,device_done,
S032,standard,1,2026-03-17T20:43:49,device_done,
S032,standard,1,2026-03-17T21:04:44,device_done,
S032,standard,1,2026-03-17T21:16:04,device_done,
S032,standard,1,2026-03-17T21:27:15,device_done,
S032,standard,1,2026-03-17T21:43:57,device_done,
S032,standard,1,2026-03-17T21:50:54,device_done,
S032,standard,1,2026-03-17T22:03:56,device_done,
S032,standard,1,2026-03-17T22:13:39,device_done,
S032,standard,1,2026-03-17T22:24:00,device_done,
S032,standard,1,2026-03-17T22:29:59,device_done,
S032,standard,1,2026-03-17T22:38:23,device_done,
S032,standard,1,2026-03-17T22:50:17,device_done,
S032,standard,1,2026-03-17T23:07:24,device_done,
S032,standard,1,2026-03-17T23:25:14,device_done,
S032,standard,1,2026-03-17T23:25:14,qa_rework,
S032,standard,1,2026-03-18T00:00:26,closure_start,
S032,standard,1,2026-03-18T01:27:09,checkout,
S032,standard,1,2026-03-18T09:00:00,report_start,
S032,standard,1,2026-03-18T11:06:18,report_sent,
S033,standard,1,2026-03-18T12:01:14,prep_start,
S033,standard,1,2026-03-18T14:39:04,prep_end,
S033,standard,1,2026-03-18T18:00:00,depart,
S033,standard,1,2026-03-18T18:54:09,check_in,
S033,standard,1,2026-03-18T18:54:09,gate_start,
S033,standard,1,2026-03-18T20:11:02,gate_end,
S033,standard,1,2026-03-18T20:11:02,access_issue,
S033,standard,1,2026-03-18T20:51:23,resumed,
S033,standard,1,2026-03-18T21:06:58,device_done,
S033,standard,1,2026-03-18T21:26:50,device_done,
S033,standard,1,2026-03-18T21:37:14,device_done,
S033,standard,1,2026-03-18T21:46:23,device_done,
S033,standard,1,2026-03-18T21:56:52,device_done,
S033,standard,1,2026-03-18T22:10:19,device_done,
S033,standard,1,2026-03-18T22:25:49,device_done,
S033,standard,1,2026-03-18T22:45:05,device_done,
S033,standard,1,2026-03-18T23:04:34,device_done,
S033,standard,1,2026-03-18T23:23:51,device_done,
S033,standard,1,2026-03-18T23:23:51,qa_rework,
S033,standard,1,2026-03-18T23:52:51,closure_start,
S033,standard,1,2026-03-19T00:44:02,checkout,
S033,standard,1,2026-03-19T09:00:00,report_start,
S033,standard,1,2026-03-19T11:10:40,report_sent,
S034,standard,1,2026-03-19T11:25:23,prep_start,
S034,standard,1,2026-03-19T14:05:06,prep_end,
S034,standard,1,2026-03-19T18:00:00,depart,
S034,standard,1,2026-03-19T18:37:46,check_in,
S034,standard,1,2026-03-19T18:37:46,gate_start,
S034,standard,1,2026-03-19T20:31:30,gate_end,
S034,standard,1,2026-03-19T20:35:59,device_done,
S034,standard,1,2026-03-19T20:45:09,device_done,
S034,standard,1,2026-03-19T20:55:08,device_done,
S034,standard,1,2026-03-19T21:03:14,device_done,
S034,standard,1,2026-03-19T21:16:14,device_done,
S034,standard,1,2026-03-19T21:35:34,device_done,
S034,standard,1,2026-03-19T21:45:27,device_done,
S034,standard,1,2026-03-19T21:53:04,device_done,
S034,standard,1,2026-03-19T22:20:04,device_done,
S034,standard,1,2026-03-19T22:30:06,device_done,
S034,standard,1,2026-03-19T22:37:25,device_done,
S034,standard,1,2026-03-19T22:50:37,device_done,
S034,standard,1,2026-03-19T23:04:51,device_done,
S034,standard,1,2026-03-19T23:04:51,closure_start,
S034,standard,1,2026-03-20T00:30:29,checkout,
S034,standard,1,2026-03-20T09:00:00,report_start,
S034,standard,1,2026-03-20T11:39:09,report_sent,
S035,standard,1,2026-03-23T10:21:37,prep_start,
S035,standard,1,2026-03-23T13:14:26,prep_end,
S035,standard,1,2026-03-23T18:00:00,depart,
S035,standard,1,2026-03-23T19:10:47,check_in,
S035,standard,1,2026-03-23T19:10:47,gate_start,
S035,standard,1,2026-03-23T20:33:47,gate_end,
S035,standard,1,2026-03-23T20:49:48,device_done,
S035,standard,1,2026-03-23T21:06:58,device_done,
S035,standard,1,2026-03-23T21:26:53,device_done,
S035,standard,1,2026-03-23T21:40:34,device_done,
S035,standard,1,2026-03-23T21:50:00,device_done,
S035,standard,1,2026-03-23T21:59:41,device_done,
S035,standard,1,2026-03-23T22:14:24,device_done,
S035,standard,1,2026-03-23T22:29:32,device_done,
S035,standard,1,2026-03-23T22:50:32,device_done,
S035,standard,1,2026-03-23T23:04:43,device_done,
S035,standard,1,2026-03-23T23:23:03,device_done,
S035,standard,1,2026-03-23T23:45:04,device_done,
S035,standard,1,2026-03-23T23:45:04,qa_rework,
S035,standard,1,2026-03-24T00:14:35,closure_start,
S035,standard,1,2026-03-24T01:32:03,checkout,
S035,standard,1,2026-03-24T09:00:00,report_start,
S035,standard,1,2026-03-24T11:07:33,report_sent,
S036,standard,1,2026-03-24T12:01:53,prep_start,
S036,standard,1,2026-03-24T14:43:17,prep_end,
S036,standard,1,2026-03-24T18:00:00,depart,
S036,standard,1,2026-03-24T20:21:27,check_in,
S036,standard,1,2026-03-24T20:21:27,gate_start,
S036,standard,1,2026-03-24T22:04:19,gate_end,
S036,standard,1,2026-03-24T22:04:19,gonogo_wait_start,
S036,standard,1,2026-03-24T22:51:17,gonogo_wait_end,
S036,standard,1,2026-03-24T22:57:21,device_done,
S036,standard,1,2026-03-24T23:10:39,device_done,
S036,standard,1,2026-03-24T23:19:00,device_done,
S036,standard,1,2026-03-24T23:31:56,device_done,
S036,standard,1,2026-03-24T23:48:44,device_done,
S036,standard,1,2026-03-25T00:00:27,device_done,
S036,standard,1,2026-03-25T00:16:48,device_done,
S036,standard,1,2026-03-25T00:23:09,device_done,
S036,standard,1,2026-03-25T00:41:51,device_done,
S036,standard,1,2026-03-25T00:51:16,device_done,
S036,standard,1,2026-03-25T01:06:40,device_done,
S036,standard,1,2026-03-25T01:19:34,device_done,
S036,standard,1,2026-03-25T01:23:50,device_done,
S036,standard,1,2026-03-25T01:32:42,device_done,
S036,standard,1,2026-03-25T01:45:49,device_done,
S036,standard,1,2026-03-25T01:45:49,qa_rework,
S036,standard,1,2026-03-25T02:13:29,closure_start,
S036,standard,1,2026-03-25T03:26:44,checkout,
S036,standard,1,2026-03-25T09:00:00,report_start,
S036,standard,1,2026-03-25T10:19:26,report_sent,
S037,standard,1,2026-03-25T11:56:11,prep_start,
S037,standard,1,2026-03-25T15:17:56,prep_end,
S037,standard,1,2026-03-25T18:00:00,depart,
S037,standard,1,2026-03-25T18:26:42,check_in,
S037,standard,1,2026-03-25T18:26:42,gate_start,
S037,standard,1,2026-03-25T19:37:47,gate_end,
S037,standard,1,2026-03-25T19:37:47,gonogo_wait_start,
S037,standard,1,2026-03-25T21:02:26,gonogo_wait_end,
S037,standard,1,2026-03-25T21:13:27,device_done,
S037,standard,1,2026-03-25T21:26:52,device_done,
S037,standard,1,2026-03-25T21:43:57,device_done,
S037,standard,1,2026-03-25T21:58:08,device_done,
S037,standard,1,2026-03-25T22:12:08,device_done,
S037,standard,1,2026-03-25T22:20:59,device_done,
S037,standard,1,2026-03-25T22:28:09,device_done,
S037,standard,1,2026-03-25T22:40:27,device_done,
S037,standard,1,2026-03-25T22:49:29,device_done,
S037,standard,1,2026-03-25T22:56:36,device_done,
S037,standard,1,2026-03-25T23:03:50,device_done,
S037,standard,1,2026-03-25T23:13:41,device_done,
S037,standard,1,2026-03-25T23:19:25,device_done,
S037,standard,1,2026-03-25T23:26:25,device_done,
S037,standard,1,2026-03-25T23:32:39,device_done,
S037,standard,1,2026-03-25T23:45:33,device_done,
S037,standard,1,2026-03-25T23:59:41,device_done,
S037,standard,1,2026-03-25T23:59:41,closure_start,
S037,standard,1,2026-03-26T01:10:45,checkout,
S037,standard,1,2026-03-26T09:00:00,report_start,
S037,standard,1,2026-03-26T10:39:10,report_sent,
S038,renewables,1,2026-03-26T11:03:59,prep_start,
S038,renewables,1,2026-03-26T13:37:18,prep_end,
S038,renewables,1,2026-03-26T18:00:00,depart,
S038,renewables,1,2026-03-26T18:33:39,check_in,
S038,renewables,1,2026-03-26T18:33:39,gate_start,
S038,renewables,1,2026-03-26T19:39:35,gate_end,
S038,renewables,1,2026-03-26T19:39:35,access_issue,
S038,renewables,1,2026-03-26T20:26:13,resumed,
S038,renewables,1,2026-03-26T20:41:36,device_done,
S038,renewables,1,2026-03-26T20:47:16,renewables_call,
S038,renewables,1,2026-03-26T20:53:09,device_done,
S038,renewables,1,2026-03-26T21:00:30,renewables_call,
S038,renewables,1,2026-03-26T21:14:40,device_done,
S038,renewables,1,2026-03-26T21:23:17,renewables_call,
S038,renewables,1,2026-03-26T21:28:23,device_done,
S038,renewables,1,2026-03-26T21:34:53,renewables_call,
S038,renewables,1,2026-03-26T21:51:05,device_done,
S038,renewables,1,2026-03-26T21:58:36,renewables_call,
S038,renewables,1,2026-03-26T21:58:36,closure_start,
S038,renewables,1,2026-03-26T23:29:22,checkout,
S038,renewables,1,2026-03-27T09:00:00,report_start,
S038,renewables,1,2026-03-27T11:02:50,report_sent,
S039,standard,1,2026-03-30T11:38:13,prep_start,
S039,standard,1,2026-03-30T14:31:43,prep_end,
S039,standard,1,2026-03-30T18:00:00,depart,
S039,standard,1,2026-03-30T19:04:39,check_in,
S039,standard,1,2026-03-30T19:04:39,gate_start,
S039,standard,1,2026-03-30T20:14:49,gate_end,
S039,standard,1,2026-03-30T20:39:39,device_done,
S039,standard,1,2026-03-30T20:47:59,device_done,
S039,standard,1,2026-03-30T21:09:34,device_done,
S039,standard,1,2026-03-30T21:32:14,device_done,
S039,standard,1,2026-03-30T21:54:35,device_done,
S039,standard,1,2026-03-30T22:06:29,device_done,
S039,standard,1,2026-03-30T22:13:54,device_done,
S039,standard,1,2026-03-30T22:25:05,device_done,
S039,standard,1,2026-03-30T22:30:03,device_done,
S039,standard,1,2026-03-30T22:36:08,device_done,
S039,standard,1,2026-03-30T22:48:34,device_done,
S039,standard,1,2026-03-30T22:56:39,device_done,
S039,standard,1,2026-03-30T23:07:53,device_done,
S039,standard,1,2026-03-30T23:19:22,device_done,
S039,standard,1,2026-03-30T23:45:21,device_done,
S039,standard,1,2026-03-31T00:05:31,device_done,
S039,standard,1,2026-03-31T00:17:18,device_done,
S039,standard,1,2026-03-31T00:36:46,device_done,
S039,standard,1,2026-03-31T00:45:33,device_done,
S039,standard,1,2026-03-31T00:56:02,device_done,
S039,standard,1,2026-03-31T00:56:02,qa_rework,
S039,standard,1,2026-03-31T01:33:46,closure_start,
S039,standard,1,2026-03-31T02:36:26,checkout,
S039,standard,1,2026-03-31T09:00:00,report_start,
S039,standard,1,2026-03-31T11:40:46,report_sent,
S040,standard,1,2026-03-31T11:09:01,prep_start,
S040,standard,1,2026-03-31T13:41:08,prep_end,
S040,standard,1,2026-03-31T18:00:00,depart,
S040,standard,1,2026-03-31T18:33:46,check_in,
S040,standard,1,2026-03-31T18:33:46,gate_start,
S040,standard,1,2026-03-31T19:32:52,gate_end,
S040,standard,1,2026-03-31T19:32:52,packet_issue,
S040,standard,1,2026-03-31T20:33:35,resumed,
S040,standard,1,2026-03-31T20:44:05,device_done,
S040,standard,1,2026-03-31T21:00:37,device_done,
S040,standard,1,2026-03-31T21:14:06,device_done,
S040,standard,1,2026-03-31T21:27:31,device_done,
S040,standard,1,2026-03-31T21:42:49,device_done,
S040,standard,1,2026-03-31T21:52:20,device_done,
S040,standard,1,2026-03-31T22:02:33,device_done,
S040,standard,1,2026-03-31T22:08:35,device_done,
S040,standard,1,2026-03-31T22:18:38,device_done,
S040,standard,1,2026-03-31T22:25:26,device_done,
S040,standard,1,2026-03-31T22:36:45,device_done,
S040,standard,1,2026-03-31T22:44:56,device_done,
S040,standard,1,2026-03-31T22:57:26,device_done,
S040,standard,1,2026-03-31T23:11:49,device_done,
S040,standard,1,2026-03-31T23:18:37,device_done,
S040,standard,1,2026-03-31T23:27:17,device_done,
S040,standard,1,2026-03-31T23:35:31,device_done,
S040,standard,1,2026-03-31T23:51:41,device_done,
S040,standard,1,2026-04-01T00:15:26,device_done,
S040,standard,1,2026-04-01T00:32:18,device_done,
S040,standard,1,2026-04-01T00:32:18,qa_rework,
S040,standard,1,2026-04-01T00:56:17,qa_rework,
S040,standard,1,2026-04-01T01:12:16,qa_rework,
S040,standard,1,2026-04-01T01:31:35,closure_start,
S040,standard,1,2026-04-01T03:19:55,checkout,
S040,standard,1,2026-04-01T09:00:00,report_start,
S040,standard,1,2026-04-01T11:07:30,report_sent,
S041,complex,1,2026-04-01T11:03:45,prep_start,
S041,complex,1,2026-04-01T13:27:03,prep_end,
S041,complex,1,2026-04-01T18:00:00,depart,
S041,complex,1,2026-04-01T19:03:08,check_in,
S041,complex,1,2026-04-01T19:03:08,gate_start,
S041,complex,1,2026-04-01T20:17:20,gate_end,
S041,complex,1,2026-04-01T20:17:20,access_issue,
S041,complex,1,2026-04-01T20:59:20,resumed,
S041,complex,1,2026-04-01T21:12:39,device_done,
S041,complex,1,2026-04-01T21:18:14,device_done,
S041,complex,1,2026-04-01T21:25:30,device_done,
S041,complex,1,2026-04-01T21:45:55,device_done,
S041,complex,1,2026-04-01T21:54:09,device_done,
S041,complex,1,2026-04-01T22:08:59,device_done,
S041,complex,1,2026-04-01T22:20:41,device_done,
S041,complex,1,2026-04-01T22:28:35,device_done,
S041,complex,1,2026-04-01T22:39:02,device_done,
S041,complex,1,2026-04-01T22:48:48,device_done,
S041,complex,1,2026-04-01T22:58:40,device_done,
S041,complex,1,2026-04-01T23:14:54,device_done,
S041,complex,1,2026-04-01T23:30:28,device_done,
S041,complex,1,2026-04-01T23:40:00,device_done,
S041,complex,1,2026-04-01T23:48:21,device_done,
S041,complex,1,2026-04-02T00:01:47,device_done,
S041,complex,1,2026-04-02T00:13:19,device_done,
S041,complex,1,2026-04-02T00:31:25,device_done,
S041,complex,1,2026-04-02T01:06:07,device_done,
S041,complex,1,2026-04-02T01:22:56,device_done,
S041,complex,1,2026-04-02T01:34:46,device_done,
S041,complex,1,2026-04-02T01:45:58,device_done,
S041,complex,1,2026-04-02T01:54:29,device_done,
S041,complex,1,2026-04-02T02:02:50,device_done,
S041,complex,1,2026-04-02T02:10:52,device_done,
S041,complex,1,2026-04-02T02:21:07,device_done,
S041,complex,1,2026-04-02T02:31:14,device_done,
S041,complex,1,2026-04-02T02:47:24,device_done,
S041,complex,1,2026-04-02T02:57:37,device_done,
S041,complex,1,2026-04-02T03:08:43,device_done,
S041,complex,1,2026-04-02T03:16:05,device_done,
S041,complex,1,2026-04-02T03:39:15,device_done,
S041,complex,1,2026-04-02T03:53:57,device_done,
S041,complex,1,2026-04-02T04:18:29,device_done,
S041,complex,1,2026-04-02T04:35:00,device_done,
S041,complex,1,2026-04-02T04:56:46,device_done,
S041,complex,1,2026-04-02T05:07:38,device_done,
S041,complex,1,2026-04-02T05:23:37,device_done,
S041,complex,1,2026-04-02T05:59:02,device_done,
S041,complex,1,2026-04-02T06:06:24,device_done,
S041,complex,1,2026-04-02T06:25:36,device_done,
S041,complex,1,2026-04-02T06:49:16,device_done,
S041,complex,1,2026-04-02T07:03:28,device_done,
S041,complex,1,2026-04-02T07:19:46,device_done,
S041,complex,1,2026-04-02T07:39:47,device_done,
S041,complex,1,2026-04-02T07:48:58,device_done,
S041,complex,1,2026-04-02T08:03:09,device_done,
S041,complex,1,2026-04-02T08:11:34,device_done,
S041,complex,1,2026-04-02T08:11:34,qa_rework,
S041,complex,1,2026-04-02T08:36:33,qa_rework,
S041,complex,1,2026-04-02T09:00:00,report_start,
S041,complex,1,2026-04-02T09:10:25,closure_start,
S041,complex,1,2026-04-02T10:02:50,checkout,
S041,complex,1,2026-04-02T11:25:10,report_sent,
S042,standard,1,2026-04-02T11:08:03,prep_start,
S042,standard,1,2026-04-02T14:24:18,prep_end,
S042,standard,1,2026-04-02T18:00:00,depart,
S042,standard,1,2026-04-02T19:27:42,check_in,
S042,standard,1,2026-04-02T19:27:42,gate_start,
S042,standard,1,2026-04-02T21:04:59,gate_end,
S042,standard,1,2026-04-02T21:12:22,device_done,
S042,standard,1,2026-04-02T21:25:12,device_done,
S042,standard,1,2026-04-02T21:47:05,device_done,
S042,standard,1,2026-04-02T21:58:09,device_done,
S042,standard,1,2026-04-02T22:08:16,device_done,
S042,standard,1,2026-04-02T22:20:50,device_done,
S042,standard,1,2026-04-02T22:30:50,device_done,
S042,standard,1,2026-04-02T22:53:30,device_done,
S042,standard,1,2026-04-02T23:01:46,device_done,
S042,standard,1,2026-04-02T23:18:57,device_done,
S042,standard,1,2026-04-02T23:26:07,device_done,
S042,standard,1,2026-04-02T23:41:55,device_done,
S042,standard,1,2026-04-02T23:53:24,device_done,
S042,standard,1,2026-04-02T23:57:33,device_done,
S042,standard,1,2026-04-02T23:57:33,qa_rework,
S042,standard,1,2026-04-03T00:30:28,qa_rework,
S042,standard,1,2026-04-03T00:45:44,closure_start,
S042,standard,1,2026-04-03T01:57:23,checkout,
S042,standard,1,2026-04-03T09:00:00,report_start,
S042,standard,1,2026-04-03T10:34:30,report_sent,
S043,renewables,1,2026-04-06T12:22:50,prep_start,
S043,renewables,1,2026-04-06T14:38:19,prep_end,
S043,renewables,1,2026-04-06T18:00:00,depart,
S043,renewables,1,2026-04-06T19:10:51,check_in,
S043,renewables,1,2026-04-06T19:10:51,gate_start,
S043,renewables,1,2026-04-06T20:47:31,gate_end,
S043,renewables,1,2026-04-06T20:58:59,device_done,
S043,renewables,1,2026-04-06T21:03:29,renewables_call,
S043,renewables,1,2026-04-06T21:30:02,device_done,
S043,renewables,1,2026-04-06T21:35:22,renewables_call,
S043,renewables,1,2026-04-06T22:00:49,device_done,
S043,renewables,1,2026-04-06T22:04:44,renewables_call,
S043,renewables,1,2026-04-06T22:14:36,device_done,
S043,renewables,1,2026-04-06T22:20:12,renewables_call,
S043,renewables,1,2026-04-06T22:35:50,device_done,
S043,renewables,1,2026-04-06T22:41:11,renewables_call,
S043,renewables,1,2026-04-06T22:50:18,device_done,
S043,renewables,1,2026-04-06T22:55:38,renewables_call,
S043,renewables,1,2026-04-06T23:01:40,device_done,
S043,renewables,1,2026-04-06T23:07:28,renewables_call,
S043,renewables,1,2026-04-06T23:24:08,device_done,
S043,renewables,1,2026-04-06T23:31:27,renewables_call,
S043,renewables,1,2026-04-06T23:45:27,device_done,
S043,renewables,1,2026-04-06T23:51:06,renewables_call,
S043,renewables,1,2026-04-07T00:06:47,device_done,
S043,renewables,1,2026-04-07T00:13:50,renewables_call,
S043,renewables,1,2026-04-07T00:13:50,closure_start,
S043,renewables,1,2026-04-07T01:40:25,checkout,
S043,renewables,1,2026-04-07T09:00:00,report_start,
S043,renewables,1,2026-04-07T11:05:07,report_sent,
S044,standard,1,2026-04-07T11:03:43,prep_start,
S044,standard,1,2026-04-07T13:21:34,prep_end,
S044,standard,1,2026-04-07T18:00:00,depart,
S044,standard,1,2026-04-07T18:55:07,check_in,
S044,standard,1,2026-04-07T18:55:07,gate_start,
S044,standard,1,2026-04-07T19:55:07,gate_end,
S044,standard,1,2026-04-07T19:55:07,gonogo_wait_start,
S044,standard,1,2026-04-07T20:31:03,gonogo_wait_end,
S044,standard,1,2026-04-07T20:31:03,access_issue,
S044,standard,1,2026-04-07T21:27:25,resumed,
S044,standard,1,2026-04-07T21:27:25,hardware_issue,
S044,standard,1,2026-04-07T22:20:16,no_go,hardware abort
S044,standard,1,2026-04-07T22:20:16,revisit_scheduled,
S044,standard,1,2026-04-08T09:00:00,report_start,
S044,standard,1,2026-04-08T10:43:46,report_sent,
S044,standard,2,2026-04-08T11:50:38,prep_start,
S044,standard,2,2026-04-08T14:31:44,prep_end,
S044,standard,2,2026-04-08T18:00:00,depart,
S044,standard,2,2026-04-08T19:44:10,check_in,
S044,standard,2,2026-04-08T19:44:10,gate_start,
S044,standard,2,2026-04-08T21:08:12,gate_end,
S044,standard,2,2026-04-08T21:16:44,device_done,
S044,standard,2,2026-04-08T21:24:40,device_done,
S044,standard,2,2026-04-08T21:32:21,device_done,
S044,standard,2,2026-04-08T21:40:48,device_done,
S044,standard,2,2026-04-08T21:49:18,device_done,
S044,standard,2,2026-04-08T22:02:53,device_done,
S044,standard,2,2026-04-08T22:11:13,device_done,
S044,standard,2,2026-04-08T22:23:50,device_done,
S044,standard,2,2026-04-08T22:37:59,device_done,
S044,standard,2,2026-04-08T22:46:52,device_done,
S044,standard,2,2026-04-08T22:59:32,device_done,
S044,standard,2,2026-04-08T23:23:00,device_done,
S044,standard,2,2026-04-08T23:23:00,closure_start,
S044,standard,2,2026-04-09T00:17:20,checkout,
S044,standard,2,2026-04-09T09:00:00,report_start,
S044,standard,2,2026-04-09T10:43:05,report_sent,
S045,renewables,1,2026-04-09T12:19:25,prep_start,
S045,renewables,1,2026-04-09T16:01:49,prep_end,
S045,renewables,1,2026-04-09T18:00:00,depart,
S045,renewables,1,2026-04-09T18:39:27,check_in,
S045,renewables,1,2026-04-09T18:39:27,gate_start,
S045,renewables,1,2026-04-09T19:57:49,gate_end,
S045,renewables,1,2026-04-09T19:57:49,gonogo_wait_start,
S045,renewables,1,2026-04-09T20:47:21,gonogo_wait_end,
S045,renewables,1,2026-04-09T20:57:32,device_done,
S045,renewables,1,2026-04-09T21:04:06,renewables_call,
S045,renewables,1,2026-04-09T21:13:40,device_done,
S045,renewables,1,2026-04-09T21:20:46,renewables_call,
S045,renewables,1,2026-04-09T21:36:22,device_done,
S045,renewables,1,2026-04-09T21:39:52,renewables_call,
S045,renewables,1,2026-04-09T22:07:12,device_done,
S045,renewables,1,2026-04-09T22:13:05,renewables_call,
S045,renewables,1,2026-04-09T22:34:29,device_done,
S045,renewables,1,2026-04-09T22:39:51,renewables_call,
S045,renewables,1,2026-04-09T22:55:09,device_done,
S045,renewables,1,2026-04-09T23:02:47,renewables_call,
S045,renewables,1,2026-04-09T23:14:11,device_done,
S045,renewables,1,2026-04-09T23:19:08,renewables_call,
S045,renewables,1,2026-04-09T23:19:08,qa_rework,
S045,renewables,1,2026-04-10T00:01:37,closure_start,
S045,renewables,1,2026-04-10T01:09:14,checkout,
S045,renewables,1,2026-04-10T09:00:00,report_start,
S045,renewables,1,2026-04-10T10:13:01,report_sent,
S046,standard,1,2026-04-13T11:08:47,prep_start,
S046,standard,1,2026-04-13T13:15:56,prep_end,
S046,standard,1,2026-04-13T18:00:00,depart,
S046,standard,1,2026-04-13T19:13:32,check_in,
S046,standard,1,2026-04-13T19:13:32,gate_start,
S046,standard,1,2026-04-13T20:17:44,gate_end,
S046,standard,1,2026-04-13T20:26:19,device_done,
S046,standard,1,2026-04-13T20:38:03,device_done,
S046,standard,1,2026-04-13T20:57:17,device_done,
S046,standard,1,2026-04-13T21:05:09,device_done,
S046,standard,1,2026-04-13T21:27:13,device_done,
S046,standard,1,2026-04-13T21:44:02,device_done,
S046,standard,1,2026-04-13T21:54:03,device_done,
S046,standard,1,2026-04-13T22:10:28,device_done,
S046,standard,1,2026-04-13T22:17:08,device_done,
S046,standard,1,2026-04-13T22:23:09,device_done,
S046,standard,1,2026-04-13T22:30:18,device_done,
S046,standard,1,2026-04-13T22:40:30,device_done,
S046,standard,1,2026-04-13T22:51:02,device_done,
S046,standard,1,2026-04-13T23:00:48,device_done,
S046,standard,1,2026-04-13T23:13:17,device_done,
S046,standard,1,2026-04-13T23:13:17,qa_rework,
S046,standard,1,2026-04-13T23:44:30,qa_rework,
S046,standard,1,2026-04-14T00:02:59,closure_start,
S046,standard,1,2026-04-14T01:23:00,checkout,
S046,standard,1,2026-04-14T09:00:00,report_start,
S046,standard,1,2026-04-14T10:33:50,report_sent,
S047,standard,1,2026-04-14T11:32:01,prep_start,
S047,standard,1,2026-04-14T14:10:02,prep_end,
S047,standard,1,2026-04-14T18:00:00,depart,
S047,standard,1,2026-04-14T19:20:35,check_in,
S047,standard,1,2026-04-14T19:20:35,gate_start,
S047,standard,1,2026-04-14T21:10:22,gate_end,
S047,standard,1,2026-04-14T21:30:04,device_done,
S047,standard,1,2026-04-14T21:39:57,device_done,
S047,standard,1,2026-04-14T21:48:43,device_done,
S047,standard,1,2026-04-14T22:02:28,device_done,
S047,standard,1,2026-04-14T22:20:36,device_done,
S047,standard,1,2026-04-14T22:34:22,device_done,
S047,standard,1,2026-04-14T22:52:39,device_done,
S047,standard,1,2026-04-14T23:05:19,device_done,
S047,standard,1,2026-04-14T23:24:56,device_done,
S047,standard,1,2026-04-14T23:44:41,device_done,
S047,standard,1,2026-04-14T23:56:13,device_done,
S047,standard,1,2026-04-15T00:17:33,device_done,
S047,standard,1,2026-04-15T00:30:22,device_done,
S047,standard,1,2026-04-15T00:30:22,closure_start,
S047,standard,1,2026-04-15T02:12:22,checkout,
S047,standard,1,2026-04-15T09:00:00,report_start,
S047,standard,1,2026-04-15T11:16:50,report_sent,
S048,standard,1,2026-04-15T12:13:04,prep_start,
S048,standard,1,2026-04-15T14:47:02,prep_end,
S048,standard,1,2026-04-15T18:00:00,depart,
S048,standard,1,2026-04-15T19:08:55,check_in,
S048,standard,1,2026-04-15T19:08:55,gate_start,
S048,standard,1,2026-04-15T20:56:46,gate_end,
S048,standard,1,2026-04-15T20:56:46,packet_issue,
S048,standard,1,2026-04-15T21:56:24,no_go,packet abort
S048,standard,1,2026-04-15T21:56:24,revisit_scheduled,
S048,standard,1,2026-04-16T09:00:00,report_start,
S048,standard,1,2026-04-16T10:07:01,report_sent,
S048,standard,2,2026-04-16T11:22:14,prep_start,
S048,standard,2,2026-04-16T13:18:23,prep_end,
S048,standard,2,2026-04-16T18:00:00,depart,
S048,standard,2,2026-04-16T18:43:04,check_in,
S048,standard,2,2026-04-16T18:43:04,gate_start,
S048,standard,2,2026-04-16T20:08:51,gate_end,
S048,standard,2,2026-04-16T20:17:08,device_done,
S048,standard,2,2026-04-16T20:26:30,device_done,
S048,standard,2,2026-04-16T20:55:56,device_done,
S048,standard,2,2026-04-16T21:04:33,device_done,
S048,standard,2,2026-04-16T21:13:35,device_done,
S048,standard,2,2026-04-16T21:24:20,device_done,
S048,standard,2,2026-04-16T21:32:18,device_done,
S048,standard,2,2026-04-16T21:51:37,device_done,
S048,standard,2,2026-04-16T22:15:33,device_done,
S048,standard,2,2026-04-16T22:24:36,device_done,
S048,standard,2,2026-04-16T22:30:37,device_done,
S048,standard,2,2026-04-16T22:49:48,device_done,
S048,standard,2,2026-04-16T23:08:29,device_done,
S048,standard,2,2026-04-16T23:08:29,closure_start,
S048,standard,2,2026-04-17T00:14:30,checkout,
S048,standard,2,2026-04-17T09:00:00,report_start,
S048,standard,2,2026-04-17T10:12:28,report_sent,
S049,complex,1,2026-04-20T10:11:56,prep_start,
S049,complex,1,2026-04-20T12:26:15,prep_end,
S049,complex,1,2026-04-20T18:00:00,depart,
S049,complex,1,2026-04-20T18:42:52,check_in,
S049,complex,1,2026-04-20T18:42:52,gate_start,
S049,complex,1,2026-04-20T20:32:39,gate_end,
S049,complex,1,2026-04-20T20:32:39,packet_issue,
S049,complex,1,2026-04-20T21:30:52,resumed,
S049,complex,1,2026-04-20T21:30:52,gonogo_wait_start,
S049,complex,1,2026-04-20T22:28:15,gonogo_wait_end,
S049,complex,1,2026-04-20T22:37:03,device_done,
S049,complex,1,2026-04-20T22:55:05,device_done,
S049,complex,1,2026-04-20T23:07:46,device_done,
S049,complex,1,2026-04-20T23:15:29,device_done,
S049,complex,1,2026-04-20T23:25:48,device_done,
S049,complex,1,2026-04-20T23:34:40,device_done,
S049,complex,1,2026-04-20T23:48:11,device_done,
S049,complex,1,2026-04-21T00:00:43,device_done,
S049,complex,1,2026-04-21T00:19:44,device_done,
S049,complex,1,2026-04-21T00:35:40,device_done,
S049,complex,1,2026-04-21T00:42:05,device_done,
S049,complex,1,2026-04-21T00:56:13,device_done,
S049,complex,1,2026-04-21T01:13:23,device_done,
S049,complex,1,2026-04-21T01:27:47,device_done,
S049,complex,1,2026-04-21T01:45:54,device_done,
S049,complex,1,2026-04-21T01:55:32,device_done,
S049,complex,1,2026-04-21T02:03:45,device_done,
S049,complex,1,2026-04-21T02:21:09,device_done,
S049,complex,1,2026-04-21T02:28:59,device_done,
S049,complex,1,2026-04-21T02:34:03,device_done,
S049,complex,1,2026-04-21T02:52:08,device_done,
S049,complex,1,2026-04-21T03:01:07,device_done,
S049,complex,1,2026-04-21T03:11:44,device_done,
S049,complex,1,2026-04-21T03:18:35,device_done,
S049,complex,1,2026-04-21T03:25:39,device_done,
S049,complex,1,2026-04-21T03:33:12,device_done,
S049,complex,1,2026-04-21T03:43:36,device_done,
S049,complex,1,2026-04-21T03:57:30,device_done,
S049,complex,1,2026-04-21T04:02:18,device_done,
S049,complex,1,2026-04-21T04:18:30,device_done,
S049,complex,1,2026-04-21T04:25:59,device_done,
S049,complex,1,2026-04-21T04:33:49,device_done,
S049,complex,1,2026-04-21T04:49:33,device_done,
S049,complex,1,2026-04-21T05:01:12,device_done,
S049,complex,1,2026-04-21T05:01:12,qa_rework,
S049,complex,1,2026-04-21T05:21:19,closure_start,
S049,complex,1,2026-04-21T06:33:41,checkout,
S049,complex,1,2026-04-21T09:00:00,report_start,
S049,complex,1,2026-04-21T10:43:50,report_sent,
S050,standard,1,2026-04-21T11:33:17,prep_start,
S050,standard,1,2026-04-21T14:42:01,prep_end,
S050,standard,1,2026-04-21T18:00:00,depart,
S050,standard,1,2026-04-21T18:50:03,check_in,
S050,standard,1,2026-04-21T18:50:03,gate_start,
S050,standard,1,2026-04-21T20:05:25,gate_end,
S050,standard,1,2026-04-21T20:19:17,device_done,
S050,standard,1,2026-04-21T20:27:56,device_done,
S050,standard,1,2026-04-21T20:44:02,device_done,
S050,standard,1,2026-04-21T20:51:31,device_done,
S050,standard,1,2026-04-21T21:10:22,device_done,
S050,standard,1,2026-04-21T21:29:48,device_done,
S050,standard,1,2026-04-21T21:39:21,device_done,
S050,standard,1,2026-04-21T21:48:41,device_done,
S050,standard,1,2026-04-21T22:01:33,device_done,
S050,standard,1,2026-04-21T22:13:38,device_done,
S050,standard,1,2026-04-21T22:21:44,device_done,
S050,standard,1,2026-04-21T22:36:48,device_done,
S050,standard,1,2026-04-21T22:42:06,device_done,
S050,standard,1,2026-04-21T22:52:12,device_done,
S050,standard,1,2026-04-21T23:02:24,device_done,
S050,standard,1,2026-04-21T23:13:10,device_done,
S050,standard,1,2026-04-21T23:26:44,device_done,
S050,standard,1,2026-04-21T23:34:05,device_done,
S050,standard,1,2026-04-21T23:49:16,device_done,
S050,standard,1,2026-04-22T00:00:26,device_done,
S050,standard,1,2026-04-22T00:00:26,closure_start,
S050,standard,1,2026-04-22T01:15:49,checkout,
S050,standard,1,2026-04-22T09:00:00,report_start,
S050,standard,1,2026-04-22T10:35:11,report_sent,
S051,standard,1,2026-04-22T11:44:20,prep_start,
S051,standard,1,2026-04-22T14:08:58,prep_end,
S051,standard,1,2026-04-22T18:00:00,depart,
S051,standard,1,2026-04-22T20:10:54,check_in,
S051,standard,1,2026-04-22T20:10:54,gate_start,
S051,standard,1,2026-04-22T21:41:15,gate_end,
S051,standard,1,2026-04-22T22:00:37,device_done,
S051,standard,1,2026-04-22T22:17:27,device_done,
S051,standard,1,2026-04-22T22:33:26,device_done,
S051,standard,1,2026-04-22T22:48:07,device_done,
S051,standard,1,2026-04-22T23:02:11,device_done,
S051,standard,1,2026-04-22T23:15:21,device_done,
S051,standard,1,2026-04-22T23:28:29,device_done,
S051,standard,1,2026-04-22T23:46:19,device_done,
S051,standard,1,2026-04-22T23:56:06,device_done,
S051,standard,1,2026-04-22T23:56:06,closure_start,
S051,standard,1,2026-04-23T01:04:35,checkout,
S051,standard,1,2026-04-23T09:00:00,report_start,
S051,standard,1,2026-04-23T11:09:08,report_sent,
S052,standard,1,2026-04-23T11:10:36,prep_start,
S052,standard,1,2026-04-23T14:36:58,prep_end,
S052,standard,1,2026-04-23T18:00:00,depart,
S052,standard,1,2026-04-23T20:45:44,check_in,
S052,standard,1,2026-04-23T20:45:44,gate_start,
S052,standard,1,2026-04-23T22:03:39,gate_end,
S052,standard,1,2026-04-23T22:21:05,device_done,
S052,standard,1,2026-04-23T22:29:08,device_done,
S052,standard,1,2026-04-23T22:42:57,device_done,
S052,standard,1,2026-04-23T22:58:39,device_done,
S052,standard,1,2026-04-23T23:23:19,device_done,
S052,standard,1,2026-04-23T23:32:24,device_done,
S052,standard,1,2026-04-23T23:47:40,device_done,
S052,standard,1,2026-04-24T00:01:13,device_done,
S052,standard,1,2026-04-24T00:09:11,device_done,
S052,standard,1,2026-04-24T00:21:06,device_done,
S052,standard,1,2026-04-24T00:31:54,device_done,
S052,standard,1,2026-04-24T00:36:38,device_done,
S052,standard,1,2026-04-24T00:51:53,device_done,
S052,standard,1,2026-04-24T01:06:46,device_done,
S052,standard,1,2026-04-24T01:16:50,device_done,
S052,standard,1,2026-04-24T01:23:52,device_done,
S052,standard,1,2026-04-24T01:45:33,device_done,
S052,standard,1,2026-04-24T01:58:54,device_done,
S052,standard,1,2026-04-24T02:16:56,device_done,
S052,standard,1,2026-04-24T02:16:56,qa_rework,
S052,standard,1,2026-04-24T02:37:14,closure_start,
S052,standard,1,2026-04-24T04:17:07,checkout,
S052,standard,1,2026-04-24T09:00:00,report_start,
S052,standard,1,2026-04-24T11:23:55,report_sent,
S053,standard,1,2026-04-27T10:58:36,prep_start,
S053,standard,1,2026-04-27T13:48:24,prep_end,
S053,standard,1,2026-04-27T18:00:00,depart,
S053,standard,1,2026-04-27T18:55:33,check_in,
S053,standard,1,2026-04-27T18:55:33,gate_start,
S053,standard,1,2026-04-27T20:26:34,gate_end,
S053,standard,1,2026-04-27T20:26:34,access_issue,
S053,standard,1,2026-04-27T21:03:38,resumed,
S053,standard,1,2026-04-27T21:30:23,device_done,
S053,standard,1,2026-04-27T21:50:48,device_done,
S053,standard,1,2026-04-27T22:05:10,device_done,
S053,standard,1,2026-04-27T22:16:54,device_done,
S053,standard,1,2026-04-27T22:45:44,device_done,
S053,standard,1,2026-04-27T22:59:23,device_done,
S053,standard,1,2026-04-27T23:10:59,device_done,
S053,standard,1,2026-04-27T23:24:31,device_done,
S053,standard,1,2026-04-27T23:38:05,device_done,
S053,standard,1,2026-04-27T23:59:11,device_done,
S053,standard,1,2026-04-28T00:11:05,device_done,
S053,standard,1,2026-04-28T00:38:53,device_done,
S053,standard,1,2026-04-28T00:47:19,device_done,
S053,standard,1,2026-04-28T00:47:19,qa_rework,
S053,standard,1,2026-04-28T01:11:19,qa_rework,
S053,standard,1,2026-04-28T01:28:50,closure_start,
S053,standard,1,2026-04-28T02:43:06,checkout,
S053,standard,1,2026-04-28T09:00:00,report_start,
S053,standard,1,2026-04-28T10:15:10,report_sent,
S054,standard,1,2026-04-28T11:04:02,prep_start,
S054,standard,1,2026-04-28T13:55:26,prep_end,
S054,standard,1,2026-04-28T18:00:00,depart,
S054,standard,1,2026-04-28T18:29:52,check_in,
S054,standard,1,2026-04-28T18:29:52,gate_start,
S054,standard,1,2026-04-28T20:09:10,gate_end,
S054,standard,1,2026-04-28T20:24:00,device_done,
S054,standard,1,2026-04-28T20:46:00,device_done,
S054,standard,1,2026-04-28T20:51:33,device_done,
S054,standard,1,2026-04-28T21:03:00,device_done,
S054,standard,1,2026-04-28T21:13:09,device_done,
S054,standard,1,2026-04-28T21:27:46,device_done,
S054,standard,1,2026-04-28T21:35:58,device_done,
S054,standard,1,2026-04-28T21:47:17,device_done,
S054,standard,1,2026-04-28T21:55:12,device_done,
S054,standard,1,2026-04-28T22:11:03,device_done,
S054,standard,1,2026-04-28T22:23:33,device_done,
S054,standard,1,2026-04-28T22:34:47,device_done,
S054,standard,1,2026-04-28T22:48:42,device_done,
S054,standard,1,2026-04-28T22:59:35,device_done,
S054,standard,1,2026-04-28T23:06:02,device_done,
S054,standard,1,2026-04-28T23:21:15,device_done,
S054,standard,1,2026-04-28T23:21:15,qa_rework,
S054,standard,1,2026-04-28T23:54:53,closure_start,
S054,standard,1,2026-04-29T00:56:28,checkout,
S054,standard,1,2026-04-29T09:00:00,report_start,
S054,standard,1,2026-04-29T10:15:17,report_sent,
S055,standard,1,2026-04-29T11:22:45,prep_start,
S055,standard,1,2026-04-29T14:54:49,prep_end,
S055,standard,1,2026-04-29T18:00:00,depart,
S055,standard,1,2026-04-29T18:33:14,check_in,
S055,standard,1,2026-04-29T18:33:14,gate_start,
S055,standard,1,2026-04-29T19:52:48,gate_end,
S055,standard,1,2026-04-29T19:52:48,hardware_issue,
S055,standard,1,2026-04-29T20:46:06,resumed,
S055,standard,1,2026-04-29T20:57:45,device_done,
S055,standard,1,2026-04-29T21:13:11,device_done,
S055,standard,1,2026-04-29T21:29:48,device_done,
S055,standard,1,2026-04-29T21:40:17,device_done,
S055,standard,1,2026-04-29T21:52:30,device_done,
S055,standard,1,2026-04-29T22:01:08,device_done,
S055,standard,1,2026-04-29T22:25:16,device_done,
S055,standard,1,2026-04-29T22:40:50,device_done,
S055,standard,1,2026-04-29T22:48:33,device_done,
S055,standard,1,2026-04-29T23:00:34,device_done,
S055,standard,1,2026-04-29T23:16:32,device_done,
S055,standard,1,2026-04-29T23:31:04,device_done,
S055,standard,1,2026-04-29T23:56:01,device_done,
S055,standard,1,2026-04-29T23:56:01,qa_rework,
S055,standard,1,2026-04-30T00:12:50,closure_start,
S055,standard,1,2026-04-30T01:30:56,checkout,
S055,standard,1,2026-04-30T09:00:00,report_start,
S055,standard,1,2026-04-30T10:30:45,report_sent,
S056,renewables,1,2026-04-30T11:56:48,prep_start,
S056,renewables,1,2026-04-30T13:37:57,prep_end,
S056,renewables,1,2026-04-30T18:00:00,depart,
S056,renewables,1,2026-04-30T18:21:04,check_in,
S056,renewables,1,2026-04-30T18:21:04,gate_start,
S056,renewables,1,2026-04-30T19:30:17,gate_end,
S056,renewables,1,2026-04-30T19:41:31,device_done,
S056,renewables,1,2026-04-30T19:49:08,renewables_call,
S056,renewables,1,2026-04-30T20:05:34,device_done,
S056,renewables,1,2026-04-30T20:11:39,renewables_call,
S056,renewables,1,2026-04-30T20:21:28,device_done,
S056,renewables,1,2026-04-30T20:26:17,renewables_call,
S056,renewables,1,2026-04-30T20:35:03,device_done,
S056,renewables,1,2026-04-30T20:40:11,renewables_call,
S056,renewables,1,2026-04-30T20:46:28,device_done,
S056,renewables,1,2026-04-30T20:49:41,renewables_call,
S056,renewables,1,2026-04-30T21:05:40,device_done,
S056,renewables,1,2026-04-30T21:12:15,renewables_call,
S056,renewables,1,2026-04-30T21:25:28,device_done,
S056,renewables,1,2026-04-30T21:29:27,renewables_call,
S056,renewables,1,2026-04-30T21:49:43,device_done,
S056,renewables,1,2026-04-30T21:56:20,renewables_call,
S056,renewables,1,2026-04-30T22:09:31,device_done,
S056,renewables,1,2026-04-30T22:17:19,renewables_call,
S056,renewables,1,2026-04-30T22:25:13,device_done,
S056,renewables,1,2026-04-30T22:30:44,renewables_call,
S056,renewables,1,2026-04-30T22:54:33,device_done,
S056,renewables,1,2026-04-30T23:01:01,renewables_call,
S056,renewables,1,2026-04-30T23:01:01,qa_rework,
S056,renewables,1,2026-04-30T23:18:57,closure_start,
S056,renewables,1,2026-05-01T00:37:53,checkout,
S056,renewables,1,2026-05-01T09:00:00,report_start,
S056,renewables,1,2026-05-01T10:59:34,report_sent,
S057,standard,1,2026-05-04T11:12:52,prep_start,
S057,standard,1,2026-05-04T13:25:04,prep_end,
S057,standard,1,2026-05-04T18:00:00,depart,
S057,standard,1,2026-05-04T18:33:47,check_in,
S057,standard,1,2026-05-04T18:33:47,gate_start,
S057,standard,1,2026-05-04T19:33:31,gate_end,
S057,standard,1,2026-05-04T19:33:31,access_issue,
S057,standard,1,2026-05-04T20:30:25,resumed,
S057,standard,1,2026-05-04T20:43:07,device_done,
S057,standard,1,2026-05-04T20:51:59,device_done,
S057,standard,1,2026-05-04T21:04:29,device_done,
S057,standard,1,2026-05-04T21:12:24,device_done,
S057,standard,1,2026-05-04T21:21:15,device_done,
S057,standard,1,2026-05-04T21:35:15,device_done,
S057,standard,1,2026-05-04T21:44:52,device_done,
S057,standard,1,2026-05-04T21:54:53,device_done,
S057,standard,1,2026-05-04T22:18:17,device_done,
S057,standard,1,2026-05-04T22:35:12,device_done,
S057,standard,1,2026-05-04T22:51:45,device_done,
S057,standard,1,2026-05-04T23:06:34,device_done,
S057,standard,1,2026-05-04T23:21:08,device_done,
S057,standard,1,2026-05-04T23:42:38,device_done,
S057,standard,1,2026-05-04T23:54:32,device_done,
S057,standard,1,2026-05-05T00:19:44,device_done,
S057,standard,1,2026-05-05T00:27:57,device_done,
S057,standard,1,2026-05-05T00:38:47,device_done,
S057,standard,1,2026-05-05T00:38:47,qa_rework,
S057,standard,1,2026-05-05T01:08:52,closure_start,
S057,standard,1,2026-05-05T02:36:36,checkout,
S057,standard,1,2026-05-05T09:00:00,report_start,
S057,standard,1,2026-05-05T10:21:19,report_sent,
S058,logical,1,2026-05-05T11:04:45,prep_start,
S058,logical,1,2026-05-05T13:29:42,prep_end,
S058,logical,1,2026-05-05T18:00:00,check_in,
S058,logical,1,2026-05-05T18:00:00,gate_start,
S058,logical,1,2026-05-05T19:16:52,gate_end,
S058,logical,1,2026-05-05T19:28:58,device_done,
S058,logical,1,2026-05-05T19:38:11,device_done,
S058,logical,1,2026-05-05T19:46:12,device_done,
S058,logical,1,2026-05-05T19:53:05,device_done,
S058,logical,1,2026-05-05T20:18:27,device_done,
S058,logical,1,2026-05-05T20:25:28,device_done,
S058,logical,1,2026-05-05T20:47:51,device_done,
S058,logical,1,2026-05-05T21:03:06,device_done,
S058,logical,1,2026-05-05T21:13:29,device_done,
S058,logical,1,2026-05-05T21:21:02,device_done,
S058,logical,1,2026-05-05T21:39:15,device_done,
S058,logical,1,2026-05-05T22:03:13,device_done,
S058,logical,1,2026-05-05T22:03:13,closure_start,
S058,logical,1,2026-05-05T23:10:16,checkout,
S058,logical,1,2026-05-06T09:00:00,report_start,
S058,logical,1,2026-05-06T10:09:30,report_sent,
S059,standard,1,2026-05-06T11:49:50,prep_start,
S059,standard,1,2026-05-06T15:05:56,prep_end,
S059,standard,1,2026-05-06T18:00:00,depart,
S059,standard,1,2026-05-06T18:32:06,check_in,
S059,standard,1,2026-05-06T18:32:06,gate_start,
S059,standard,1,2026-05-06T20:01:28,gate_end,
S059,standard,1,2026-05-06T20:01:28,gonogo_wait_start,
S059,standard,1,2026-05-06T20:32:42,gonogo_wait_end,
S059,standard,1,2026-05-06T20:43:11,device_done,
S059,standard,1,2026-05-06T20:55:07,device_done,
S059,standard,1,2026-05-06T21:10:20,device_done,
S059,standard,1,2026-05-06T21:32:58,device_done,
S059,standard,1,2026-05-06T21:44:40,device_done,
S059,standard,1,2026-05-06T22:02:52,device_done,
S059,standard,1,2026-05-06T22:17:37,device_done,
S059,standard,1,2026-05-06T22:28:17,device_done,
S059,standard,1,2026-05-06T22:40:40,device_done,
S059,standard,1,2026-05-06T22:52:48,device_done,
S059,standard,1,2026-05-06T23:01:07,device_done,
S059,standard,1,2026-05-06T23:01:07,closure_start,
S059,standard,1,2026-05-07T00:13:45,checkout,
S059,standard,1,2026-05-07T09:00:00,report_start,
S059,standard,1,2026-05-07T11:18:28,report_sent,
S060,standard,1,2026-05-07T10:12:33,prep_start,
S060,standard,1,2026-05-07T13:35:04,prep_end,
S060,standard,1,2026-05-07T18:00:00,depart,
S060,standard,1,2026-05-07T19:15:59,check_in,
S060,standard,1,2026-05-07T19:15:59,gate_start,
S060,standard,1,2026-05-07T20:50:51,gate_end,
S060,standard,1,2026-05-07T21:04:02,device_done,
S060,standard,1,2026-05-07T21:10:26,device_done,
S060,standard,1,2026-05-07T21:26:44,device_done,
S060,standard,1,2026-05-07T21:39:29,device_done,
S060,standard,1,2026-05-07T21:49:39,device_done,
S060,standard,1,2026-05-07T22:08:45,device_done,
S060,standard,1,2026-05-07T22:24:34,device_done,
S060,standard,1,2026-05-07T22:28:27,device_done,
S060,standard,1,2026-05-07T22:40:39,device_done,
S060,standard,1,2026-05-07T22:47:21,device_done,
S060,standard,1,2026-05-07T23:05:45,device_done,
S060,standard,1,2026-05-07T23:38:13,device_done,
S060,standard,1,2026-05-07T23:47:58,device_done,
S060,standard,1,2026-05-08T00:00:20,device_done,
S060,standard,1,2026-05-08T00:11:11,device_done,
S060,standard,1,2026-05-08T00:11:11,closure_start,
S060,standard,1,2026-05-08T01:56:41,checkout,
S060,standard,1,2026-05-08T09:00:00,report_start,
S060,standard,1,2026-05-08T10:32:51,report_sent,
S061,standard,1,2026-05-11T10:33:06,prep_start,
S061,standard,1,2026-05-11T12:40:27,prep_end,
S061,standard,1,2026-05-11T18:00:00,depart,
S061,standard,1,2026-05-11T19:47:05,check_in,
S061,standard,1,2026-05-11T19:47:05,gate_start,
S061,standard,1,2026-05-11T21:13:45,gate_end,
S061,standard,1,2026-05-11T21:20:54,device_done,
S061,standard,1,2026-05-11T21:35:22,device_done,
S061,standard,1,2026-05-11T21:50:41,device_done,
S061,standard,1,2026-05-11T22:05:41,device_done,
S061,standard,1,2026-05-11T22:20:09,device_done,
S061,standard,1,2026-05-11T22:42:10,device_done,
S061,standard,1,2026-05-11T22:56:45,device_done,
S061,standard,1,2026-05-11T23:13:40,device_done,
S061,standard,1,2026-05-11T23:28:42,device_done,
S061,standard,1,2026-05-11T23:53:17,device_done,
S061,standard,1,2026-05-11T23:58:54,device_done,
S061,standard,1,2026-05-12T00:18:56,device_done,
S061,standard,1,2026-05-12T00:29:45,device_done,
S061,standard,1,2026-05-12T00:40:28,device_done,
S061,standard,1,2026-05-12T00:48:37,device_done,
S061,standard,1,2026-05-12T00:54:18,device_done,
S061,standard,1,2026-05-12T01:04:36,device_done,
S061,standard,1,2026-05-12T01:13:43,device_done,
S061,standard,1,2026-05-12T01:28:20,device_done,
S061,standard,1,2026-05-12T01:35:00,device_done,
S061,standard,1,2026-05-12T01:56:16,device_done,
S061,standard,1,2026-05-12T02:09:39,device_done,
S061,standard,1,2026-05-12T02:09:39,qa_rework,
S061,standard,1,2026-05-12T02:33:20,closure_start,
S061,standard,1,2026-05-12T04:17:12,checkout,
S061,standard,1,2026-05-12T09:00:00,report_start,
S061,standard,1,2026-05-12T11:23:35,report_sent,
S062,standard,1,2026-05-12T12:06:07,prep_start,
S062,standard,1,2026-05-12T15:29:28,prep_end,
S062,standard,1,2026-05-12T18:00:00,depart,
S062,standard,1,2026-05-12T18:38:23,check_in,
S062,standard,1,2026-05-12T18:38:23,gate_start,
S062,standard,1,2026-05-12T19:55:34,gate_end,
S062,standard,1,2026-05-12T20:01:41,device_done,
S062,standard,1,2026-05-12T20:17:44,device_done,
S062,standard,1,2026-05-12T20:26:34,device_done,
S062,standard,1,2026-05-12T20:38:52,device_done,
S062,standard,1,2026-05-12T20:48:14,device_done,
S062,standard,1,2026-05-12T21:00:40,device_done,
S062,standard,1,2026-05-12T21:21:42,device_done,
S062,standard,1,2026-05-12T21:30:49,device_done,
S062,standard,1,2026-05-12T21:41:17,device_done,
S062,standard,1,2026-05-12T21:49:59,device_done,
S062,standard,1,2026-05-12T22:07:00,device_done,
S062,standard,1,2026-05-12T22:14:58,device_done,
S062,standard,1,2026-05-12T22:22:36,device_done,
S062,standard,1,2026-05-12T22:29:29,device_done,
S062,standard,1,2026-05-12T22:36:19,device_done,
S062,standard,1,2026-05-12T22:36:19,closure_start,
S062,standard,1,2026-05-12T23:58:20,checkout,
S062,standard,1,2026-05-13T09:00:00,report_start,
S062,standard,1,2026-05-13T11:01:25,report_sent,
S063,standard,1,2026-05-13T10:27:35,prep_start,
S063,standard,1,2026-05-13T13:18:22,prep_end,
S063,standard,1,2026-05-13T18:00:00,depart,
S063,standard,1,2026-05-13T18:53:24,check_in,
S063,standard,1,2026-05-13T18:53:24,gate_start,
S063,standard,1,2026-05-13T20:01:40,gate_end,
S063,standard,1,2026-05-13T20:01:40,gonogo_wait_start,
S063,standard,1,2026-05-13T20:56:06,no_go,go/no-go not granted
S063,standard,1,2026-05-13T20:56:06,revisit_scheduled,
S063,standard,1,2026-05-14T09:00:00,report_start,
S063,standard,1,2026-05-14T10:26:08,report_sent,
S063,standard,2,2026-05-14T10:56:25,prep_start,
S063,standard,2,2026-05-14T12:50:48,prep_end,
S063,standard,2,2026-05-14T18:00:00,depart,
S063,standard,2,2026-05-14T19:04:45,check_in,
S063,standard,2,2026-05-14T19:04:45,gate_start,
S063,standard,2,2026-05-14T20:08:43,gate_end,
S063,standard,2,2026-05-14T20:08:43,remediation_block,
S063,standard,2,2026-05-14T21:08:51,resumed,
S063,standard,2,2026-05-14T21:15:41,device_done,
S063,standard,2,2026-05-14T21:27:08,device_done,
S063,standard,2,2026-05-14T21:35:48,device_done,
S063,standard,2,2026-05-14T21:45:18,device_done,
S063,standard,2,2026-05-14T22:02:58,device_done,
S063,standard,2,2026-05-14T22:11:40,device_done,
S063,standard,2,2026-05-14T22:23:03,device_done,
S063,standard,2,2026-05-14T22:28:39,device_done,
S063,standard,2,2026-05-14T22:39:54,device_done,
S063,standard,2,2026-05-14T22:52:21,device_done,
S063,standard,2,2026-05-14T23:01:24,device_done,
S063,standard,2,2026-05-14T23:10:24,device_done,
S063,standard,2,2026-05-14T23:35:55,device_done,
S063,standard,2,2026-05-14T23:43:19,device_done,
S063,standard,2,2026-05-14T23:43:19,qa_rework,
S063,standard,2,2026-05-15T00:07:16,closure_start,
S063,standard,2,2026-05-15T01:07:15,checkout,
S063,standard,2,2026-05-15T09:00:00,report_start,
S063,standard,2,2026-05-15T11:11:17,report_sent,
S064,standard,1,2026-05-18T11:44:02,prep_start,
S064,standard,1,2026-05-18T15:21:38,prep_end,
S064,standard,1,2026-05-18T18:00:00,depart,
S064,standard,1,2026-05-18T18:38:02,check_in,
S064,standard,1,2026-05-18T18:38:02,gate_start,
S064,standard,1,2026-05-18T19:48:09,gate_end,
S064,standard,1,2026-05-18T19:56:02,device_done,
S064,standard,1,2026-05-18T20:15:17,device_done,
S064,standard,1,2026-05-18T20:25:36,device_done,
S064,standard,1,2026-05-18T20:34:26,device_done,
S064,standard,1,2026-05-18T20:46:56,device_done,
S064,standard,1,2026-05-18T20:57:57,device_done,
S064,standard,1,2026-05-18T21:06:02,device_done,
S064,standard,1,2026-05-18T21:12:22,device_done,
S064,standard,1,2026-05-18T21:20:36,device_done,
S064,standard,1,2026-05-18T21:42:03,device_done,
S064,standard,1,2026-05-18T22:08:22,device_done,
S064,standard,1,2026-05-18T22:23:56,device_done,
S064,standard,1,2026-05-18T22:43:13,device_done,
S064,standard,1,2026-05-18T22:52:58,device_done,
S064,standard,1,2026-05-18T23:04:36,device_done,
S064,standard,1,2026-05-18T23:18:03,device_done,
S064,standard,1,2026-05-18T23:18:03,qa_rework,
S064,standard,1,2026-05-18T23:33:17,closure_start,
S064,standard,1,2026-05-19T00:50:53,checkout,
S064,standard,1,2026-05-19T09:00:00,report_start,
S064,standard,1,2026-05-19T10:24:44,report_sent,
S065,standard,1,2026-05-19T10:32:55,prep_start,
S065,standard,1,2026-05-19T13:21:55,prep_end,
S065,standard,1,2026-05-19T18:00:00,depart,
S065,standard,1,2026-05-19T18:51:38,check_in,
S065,standard,1,2026-05-19T18:51:38,gate_start,
S065,standard,1,2026-05-19T19:52:37,gate_end,
S065,standard,1,2026-05-19T20:12:42,device_done,
S065,standard,1,2026-05-19T20:18:47,device_done,
S065,standard,1,2026-05-19T20:29:03,device_done,
S065,standard,1,2026-05-19T20:39:13,device_done,
S065,standard,1,2026-05-19T20:52:04,device_done,
S065,standard,1,2026-05-19T21:02:05,device_done,
S065,standard,1,2026-05-19T21:11:51,device_done,
S065,standard,1,2026-05-19T21:28:16,device_done,
S065,standard,1,2026-05-19T21:41:09,device_done,
S065,standard,1,2026-05-19T21:48:41,device_done,
S065,standard,1,2026-05-19T21:48:41,closure_start,
S065,standard,1,2026-05-19T23:21:26,checkout,
S065,standard,1,2026-05-20T09:00:00,report_start,
S065,standard,1,2026-05-20T11:17:49,report_sent,
S066,standard,1,2026-05-20T10:45:29,prep_start,
S066,standard,1,2026-05-20T13:37:37,prep_end,
S066,standard,1,2026-05-20T18:00:00,depart,
S066,standard,1,2026-05-20T18:40:09,check_in,
S066,standard,1,2026-05-20T18:40:09,gate_start,
S066,standard,1,2026-05-20T20:20:29,gate_end,
S066,standard,1,2026-05-20T20:20:29,packet_issue,
S066,standard,1,2026-05-20T21:17:22,resumed,
S066,standard,1,2026-05-20T21:17:22,hardware_issue,
S066,standard,1,2026-05-20T22:09:32,resumed,
S066,standard,1,2026-05-20T22:15:09,device_done,
S066,standard,1,2026-05-20T22:28:23,device_done,
S066,standard,1,2026-05-20T22:47:15,device_done,
S066,standard,1,2026-05-20T23:00:38,device_done,
S066,standard,1,2026-05-20T23:10:54,device_done,
S066,standard,1,2026-05-20T23:22:04,device_done,
S066,standard,1,2026-05-20T23:33:27,device_done,
S066,standard,1,2026-05-20T23:43:05,device_done,
S066,standard,1,2026-05-20T23:52:35,device_done,
S066,standard,1,2026-05-21T00:00:52,device_done,
S066,standard,1,2026-05-21T00:20:10,device_done,
S066,standard,1,2026-05-21T00:32:06,device_done,
S066,standard,1,2026-05-21T00:49:41,device_done,
S066,standard,1,2026-05-21T01:00:33,device_done,
S066,standard,1,2026-05-21T01:12:54,device_done,
S066,standard,1,2026-05-21T01:24:07,device_done,
S066,standard,1,2026-05-21T01:38:33,device_done,
S066,standard,1,2026-05-21T01:38:33,closure_start,
S066,standard,1,2026-05-21T03:09:23,checkout,
S066,standard,1,2026-05-21T09:00:00,report_start,
S066,standard,1,2026-05-21T10:26:28,report_sent,
S067,standard,1,2026-05-21T10:36:52,prep_start,
S067,standard,1,2026-05-21T14:23:16,prep_end,
S067,standard,1,2026-05-21T18:00:00,depart,
S067,standard,1,2026-05-21T19:43:21,check_in,
S067,standard,1,2026-05-21T19:43:21,gate_start,
S067,standard,1,2026-05-21T21:14:22,gate_end,
S067,standard,1,2026-05-21T21:21:11,device_done,
S067,standard,1,2026-05-21T21:28:13,device_done,
S067,standard,1,2026-05-21T21:42:21,device_done,
S067,standard,1,2026-05-21T21:56:23,device_done,
S067,standard,1,2026-05-21T22:07:17,device_done,
S067,standard,1,2026-05-21T22:14:48,device_done,
S067,standard,1,2026-05-21T22:21:32,device_done,
S067,standard,1,2026-05-21T22:32:04,device_done,
S067,standard,1,2026-05-21T22:38:46,device_done,
S067,standard,1,2026-05-21T22:55:57,device_done,
S067,standard,1,2026-05-21T23:14:59,device_done,
S067,standard,1,2026-05-21T23:52:12,device_done,
S067,standard,1,2026-05-22T00:09:15,device_done,
S067,standard,1,2026-05-22T00:18:43,device_done,
S067,standard,1,2026-05-22T00:18:43,closure_start,
S067,standard,1,2026-05-22T02:00:15,checkout,
S067,standard,1,2026-05-22T09:00:00,report_start,
S067,standard,1,2026-05-22T10:40:12,report_sent,
S068,logical,1,2026-05-25T10:41:47,prep_start,
S068,logical,1,2026-05-25T13:48:18,prep_end,
S068,logical,1,2026-05-25T18:00:00,check_in,
S068,logical,1,2026-05-25T18:00:00,gate_start,
S068,logical,1,2026-05-25T19:36:23,gate_end,
S068,logical,1,2026-05-25T19:57:48,device_done,
S068,logical,1,2026-05-25T20:05:38,device_done,
S068,logical,1,2026-05-25T20:15:38,device_done,
S068,logical,1,2026-05-25T20:22:31,device_done,
S068,logical,1,2026-05-25T20:45:27,device_done,
S068,logical,1,2026-05-25T21:05:36,device_done,
S068,logical,1,2026-05-25T21:21:49,device_done,
S068,logical,1,2026-05-25T21:29:15,device_done,
S068,logical,1,2026-05-25T21:42:06,device_done,
S068,logical,1,2026-05-25T21:42:06,qa_rework,
S068,logical,1,2026-05-25T22:01:39,closure_start,
S068,logical,1,2026-05-25T23:01:41,checkout,
S068,logical,1,2026-05-26T09:00:00,report_start,
S068,logical,1,2026-05-26T11:11:17,report_sent,
S069,standard,1,2026-05-26T11:26:38,prep_start,
S069,standard,1,2026-05-26T14:17:06,prep_end,
S069,standard,1,2026-05-26T18:00:00,depart,
S069,standard,1,2026-05-26T18:56:44,check_in,
S069,standard,1,2026-05-26T18:56:44,gate_start,
S069,standard,1,2026-05-26T20:09:40,gate_end,
S069,standard,1,2026-05-26T20:26:54,device_done,
S069,standard,1,2026-05-26T20:34:46,device_done,
S069,standard,1,2026-05-26T20:50:30,device_done,
S069,standard,1,2026-05-26T21:04:42,device_done,
S069,standard,1,2026-05-26T21:10:53,device_done,
S069,standard,1,2026-05-26T21:19:07,device_done,
S069,standard,1,2026-05-26T21:28:53,device_done,
S069,standard,1,2026-05-26T21:37:31,device_done,
S069,standard,1,2026-05-26T21:45:00,device_done,
S069,standard,1,2026-05-26T22:01:08,device_done,
S069,standard,1,2026-05-26T22:12:02,device_done,
S069,standard,1,2026-05-26T22:26:03,device_done,
S069,standard,1,2026-05-26T22:36:09,device_done,
S069,standard,1,2026-05-26T22:36:09,closure_start,
S069,standard,1,2026-05-27T00:16:08,checkout,
S069,standard,1,2026-05-27T09:00:00,report_start,
S069,standard,1,2026-05-27T11:14:25,report_sent,
S070,standard,1,2026-05-27T11:19:48,prep_start,
S070,standard,1,2026-05-27T13:29:16,prep_end,
S070,standard,1,2026-05-27T18:00:00,depart,
S070,standard,1,2026-05-27T19:05:14,check_in,
S070,standard,1,2026-05-27T19:05:14,gate_start,
S070,standard,1,2026-05-27T20:45:01,gate_end,
S070,standard,1,2026-05-27T20:45:01,packet_issue,
S070,standard,1,2026-05-27T22:07:53,resumed,
S070,standard,1,2026-05-27T22:07:53,gonogo_wait_start,
S070,standard,1,2026-05-27T23:06:55,gonogo_wait_end,
S070,standard,1,2026-05-27T23:06:55,access_issue,
S070,standard,1,2026-05-28T00:10:42,resumed,
S070,standard,1,2026-05-28T00:19:45,device_done,
S070,standard,1,2026-05-28T00:40:37,device_done,
S070,standard,1,2026-05-28T00:51:28,device_done,
S070,standard,1,2026-05-28T01:00:15,device_done,
S070,standard,1,2026-05-28T01:11:15,device_done,
S070,standard,1,2026-05-28T01:24:05,device_done,
S070,standard,1,2026-05-28T01:33:40,device_done,
S070,standard,1,2026-05-28T01:45:25,device_done,
S070,standard,1,2026-05-28T01:52:24,device_done,
S070,standard,1,2026-05-28T02:03:22,device_done,
S070,standard,1,2026-05-28T02:19:44,device_done,
S070,standard,1,2026-05-28T02:46:07,device_done,
S070,standard,1,2026-05-28T03:02:02,device_done,
S070,standard,1,2026-05-28T03:15:25,device_done,
S070,standard,1,2026-05-28T03:34:41,device_done,
S070,standard,1,2026-05-28T03:34:41,qa_rework,
S070,standard,1,2026-05-28T03:57:18,closure_start,
S070,standard,1,2026-05-28T05:16:32,checkout,
S070,standard,1,2026-05-28T09:00:00,report_start,
S070,standard,1,2026-05-28T10:10:36,report_sent,
S071,standard,1,2026-05-28T11:39:24,prep_start,
S071,standard,1,2026-05-28T14:29:07,prep_end,
S071,standard,1,2026-05-28T18:00:00,depart,
S071,standard,1,2026-05-28T18:40:34,check_in,
S071,standard,1,2026-05-28T18:40:34,gate_start,
S071,standard,1,2026-05-28T20:02:32,gate_end,
S071,standard,1,2026-05-28T20:18:21,device_done,
S071,standard,1,2026-05-28T20:35:19,device_done,
S071,standard,1,2026-05-28T20:47:47,device_done,
S071,standard,1,2026-05-28T21:11:10,device_done,
S071,standard,1,2026-05-28T21:36:32,device_done,
S071,standard,1,2026-05-28T21:43:57,device_done,
S071,standard,1,2026-05-28T22:02:07,device_done,
S071,standard,1,2026-05-28T22:16:26,device_done,
S071,standard,1,2026-05-28T22:30:37,device_done,
S071,standard,1,2026-05-28T22:48:03,device_done,
S071,standard,1,2026-05-28T22:57:03,device_done,
S071,standard,1,2026-05-28T23:06:31,device_done,
S071,standard,1,2026-05-28T23:15:08,device_done,
S071,standard,1,2026-05-28T23:24:01,device_done,
S071,standard,1,2026-05-28T23:35:33,device_done,
S071,standard,1,2026-05-28T23:35:33,closure_start,
S071,standard,1,2026-05-29T00:51:28,checkout,
S071,standard,1,2026-05-29T09:00:00,report_start,
S071,standard,1,2026-05-29T11:49:39,report_sent,
S072,complex,1,2026-06-01T10:57:19,prep_start,
S072,complex,1,2026-06-01T12:40:56,prep_end,
S072,complex,1,2026-06-01T18:00:00,depart,
S072,complex,1,2026-06-01T18:23:19,check_in,
S072,complex,1,2026-06-01T18:23:19,gate_start,
S072,complex,1,2026-06-01T19:50:26,gate_end,
S072,complex,1,2026-06-01T19:50:26,access_issue,
S072,complex,1,2026-06-01T21:01:57,resumed,
S072,complex,1,2026-06-01T21:17:53,device_done,
S072,complex,1,2026-06-01T21:27:49,device_done,
S072,complex,1,2026-06-01T21:46:37,device_done,
S072,complex,1,2026-06-01T22:01:03,device_done,
S072,complex,1,2026-06-01T22:13:48,device_done,
S072,complex,1,2026-06-01T22:26:01,device_done,
S072,complex,1,2026-06-01T22:40:47,device_done,
S072,complex,1,2026-06-01T22:58:48,device_done,
S072,complex,1,2026-06-01T23:16:19,device_done,
S072,complex,1,2026-06-01T23:30:16,device_done,
S072,complex,1,2026-06-01T23:47:18,device_done,
S072,complex,1,2026-06-01T23:59:53,device_done,
S072,complex,1,2026-06-02T00:19:41,device_done,
S072,complex,1,2026-06-02T00:31:34,device_done,
S072,complex,1,2026-06-02T00:36:48,device_done,
S072,complex,1,2026-06-02T00:57:17,device_done,
S072,complex,1,2026-06-02T01:09:49,device_done,
S072,complex,1,2026-06-02T01:17:20,device_done,
S072,complex,1,2026-06-02T01:28:25,device_done,
S072,complex,1,2026-06-02T01:36:50,device_done,
S072,complex,1,2026-06-02T02:04:38,device_done,
S072,complex,1,2026-06-02T02:19:17,device_done,
S072,complex,1,2026-06-02T02:25:41,device_done,
S072,complex,1,2026-06-02T02:40:37,device_done,
S072,complex,1,2026-06-02T02:50:51,device_done,
S072,complex,1,2026-06-02T03:16:41,device_done,
S072,complex,1,2026-06-02T03:24:33,device_done,
S072,complex,1,2026-06-02T03:29:26,device_done,
S072,complex,1,2026-06-02T03:41:46,device_done,
S072,complex,1,2026-06-02T03:52:12,device_done,
S072,complex,1,2026-06-02T04:02:22,device_done,
S072,complex,1,2026-06-02T04:07:27,device_done,
S072,complex,1,2026-06-02T04:21:41,device_done,
S072,complex,1,2026-06-02T04:45:07,device_done,
S072,complex,1,2026-06-02T04:50:43,device_done,
S072,complex,1,2026-06-02T05:09:53,device_done,
S072,complex,1,2026-06-02T05:19:27,device_done,
S072,complex,1,2026-06-02T05:50:09,device_done,
S072,complex,1,2026-06-02T06:04:26,device_done,
S072,complex,1,2026-06-02T06:15:34,device_done,
S072,complex,1,2026-06-02T06:34:15,device_done,
S072,complex,1,2026-06-02T06:34:15,closure_start,
S072,complex,1,2026-06-02T08:06:37,checkout,
S072,complex,1,2026-06-02T09:00:00,report_start,
S072,complex,1,2026-06-02T10:50:23,report_sent,
S073,standard,1,2026-06-02T11:22:48,prep_start,
S073,standard,1,2026-06-02T13:23:41,prep_end,
S073,standard,1,2026-06-02T18:00:00,depart,
S073,standard,1,2026-06-02T18:46:44,check_in,
S073,standard,1,2026-06-02T18:46:44,gate_start,
S073,standard,1,2026-06-02T20:10:53,gate_end,
S073,standard,1,2026-06-02T20:10:53,access_issue,
S073,standard,1,2026-06-02T20:43:41,no_go,access abort
S073,standard,1,2026-06-02T20:43:41,revisit_scheduled,
S073,standard,1,2026-06-03T09:00:00,report_start,
S073,standard,1,2026-06-03T11:00:31,report_sent,
S073,standard,2,2026-06-03T11:35:59,prep_start,
S073,standard,2,2026-06-03T14:10:21,prep_end,
S073,standard,2,2026-06-03T18:00:00,depart,
S073,standard,2,2026-06-03T19:15:19,check_in,
S073,standard,2,2026-06-03T19:15:19,gate_start,
S073,standard,2,2026-06-03T20:37:54,gate_end,
S073,standard,2,2026-06-03T20:37:54,hardware_issue,
S073,standard,2,2026-06-03T21:40:14,resumed,
S073,standard,2,2026-06-03T21:57:37,device_done,
S073,standard,2,2026-06-03T22:13:38,device_done,
S073,standard,2,2026-06-03T22:23:06,device_done,
S073,standard,2,2026-06-03T22:42:12,device_done,
S073,standard,2,2026-06-03T22:52:51,device_done,
S073,standard,2,2026-06-03T23:03:27,device_done,
S073,standard,2,2026-06-03T23:16:03,device_done,
S073,standard,2,2026-06-03T23:24:56,device_done,
S073,standard,2,2026-06-03T23:35:00,device_done,
S073,standard,2,2026-06-03T23:46:15,device_done,
S073,standard,2,2026-06-04T00:08:23,device_done,
S073,standard,2,2026-06-04T00:30:15,device_done,
S073,standard,2,2026-06-04T00:41:04,device_done,
S073,standard,2,2026-06-04T01:03:55,device_done,
S073,standard,2,2026-06-04T01:15:43,device_done,
S073,standard,2,2026-06-04T01:29:41,device_done,
S073,standard,2,2026-06-04T01:46:46,device_done,
S073,standard,2,2026-06-04T02:00:15,device_done,
S073,standard,2,2026-06-04T02:31:47,device_done,
S073,standard,2,2026-06-04T02:45:01,device_done,
S073,standard,2,2026-06-04T02:52:27,device_done,
S073,standard,2,2026-06-04T02:52:27,qa_rework,
S073,standard,2,2026-06-04T03:11:44,closure_start,
S073,standard,2,2026-06-04T05:08:59,checkout,
S073,standard,2,2026-06-04T09:00:00,report_start,
S073,standard,2,2026-06-04T10:34:59,report_sent,
S074,standard,1,2026-06-04T11:22:47,prep_start,
S074,standard,1,2026-06-04T13:37:32,prep_end,
S074,standard,1,2026-06-04T18:00:00,depart,
S074,standard,1,2026-06-04T18:58:38,check_in,
S074,standard,1,2026-06-04T18:58:38,gate_start,
S074,standard,1,2026-06-04T20:03:49,gate_end,
S074,standard,1,2026-06-04T20:17:41,device_done,
S074,standard,1,2026-06-04T20:28:51,device_done,
S074,standard,1,2026-06-04T20:37:30,device_done,
S074,standard,1,2026-06-04T20:51:46,device_done,
S074,standard,1,2026-06-04T21:01:59,device_done,
S074,standard,1,2026-06-04T21:08:23,device_done,
S074,standard,1,2026-06-04T21:16:04,device_done,
S074,standard,1,2026-06-04T21:40:25,device_done,
S074,standard,1,2026-06-04T21:46:58,device_done,
S074,standard,1,2026-06-04T22:00:05,device_done,
S074,standard,1,2026-06-04T22:15:24,device_done,
S074,standard,1,2026-06-04T22:30:54,device_done,
S074,standard,1,2026-06-04T22:38:15,device_done,
S074,standard,1,2026-06-04T22:48:48,device_done,
S074,standard,1,2026-06-04T23:01:30,device_done,
S074,standard,1,2026-06-04T23:18:02,device_done,
S074,standard,1,2026-06-04T23:27:18,device_done,
S074,standard,1,2026-06-04T23:34:50,device_done,
S074,standard,1,2026-06-04T23:52:45,device_done,
S074,standard,1,2026-06-05T00:11:25,device_done,
S074,standard,1,2026-06-05T00:25:20,device_done,
S074,standard,1,2026-06-05T00:34:45,device_done,
S074,standard,1,2026-06-05T00:34:45,qa_rework,
S074,standard,1,2026-06-05T00:47:09,closure_start,
S074,standard,1,2026-06-05T01:49:34,checkout,
S074,standard,1,2026-06-05T09:00:00,report_start,
S074,standard,1,2026-06-05T11:24:44,report_sent,
S075,renewables,1,2026-06-08T10:49:50,prep_start,
S075,renewables,1,2026-06-08T13:07:37,prep_end,
S075,renewables,1,2026-06-08T18:00:00,depart,
S075,renewables,1,2026-06-08T18:48:52,check_in,
S075,renewables,1,2026-06-08T18:48:52,gate_start,
S075,renewables,1,2026-06-08T20:06:40,gate_end,
S075,renewables,1,2026-06-08T20:14:05,device_done,
S075,renewables,1,2026-06-08T20:18:24,renewables_call,
S075,renewables,1,2026-06-08T20:31:36,device_done,
S075,renewables,1,2026-06-08T20:35:36,renewables_call,
S075,renewables,1,2026-06-08T21:03:37,device_done,
S075,renewables,1,2026-06-08T21:07:55,renewables_call,
S075,renewables,1,2026-06-08T21:16:23,device_done,
S075,renewables,1,2026-06-08T21:21:28,renewables_call,
S075,renewables,1,2026-06-08T21:30:02,device_done,
S075,renewables,1,2026-06-08T21:34:03,renewables_call,
S075,renewables,1,2026-06-08T22:08:08,device_done,
S075,renewables,1,2026-06-08T22:14:40,renewables_call,
S075,renewables,1,2026-06-08T22:30:38,device_done,
S075,renewables,1,2026-06-08T22:37:27,renewables_call,
S075,renewables,1,2026-06-08T23:02:13,device_done,
S075,renewables,1,2026-06-08T23:08:47,renewables_call,
S075,renewables,1,2026-06-08T23:28:19,device_done,
S075,renewables,1,2026-06-08T23:35:19,renewables_call,
S075,renewables,1,2026-06-08T23:42:11,device_done,
S075,renewables,1,2026-06-08T23:46:55,renewables_call,
S075,renewables,1,2026-06-09T00:08:33,device_done,
S075,renewables,1,2026-06-09T00:13:12,renewables_call,
S075,renewables,1,2026-06-09T00:26:20,device_done,
S075,renewables,1,2026-06-09T00:31:15,renewables_call,
S075,renewables,1,2026-06-09T00:40:21,device_done,
S075,renewables,1,2026-06-09T00:47:57,renewables_call,
S075,renewables,1,2026-06-09T01:03:34,device_done,
S075,renewables,1,2026-06-09T01:09:10,renewables_call,
S075,renewables,1,2026-06-09T01:09:10,qa_rework,
S075,renewables,1,2026-06-09T01:41:06,closure_start,
S075,renewables,1,2026-06-09T02:57:37,checkout,
S075,renewables,1,2026-06-09T09:00:00,report_start,
S075,renewables,1,2026-06-09T11:22:25,report_sent,
S076,complex,1,2026-06-09T10:16:11,prep_start,
S076,complex,1,2026-06-09T13:08:52,prep_end,
S076,complex,1,2026-06-09T18:00:00,depart,
S076,complex,1,2026-06-09T18:56:15,check_in,
S076,complex,1,2026-06-09T18:56:15,gate_start,
S076,complex,1,2026-06-09T20:15:11,gate_end,
S076,complex,1,2026-06-09T20:15:11,remediation_block,
S076,complex,1,2026-06-09T21:21:54,resumed,
S076,complex,1,2026-06-09T21:21:54,access_issue,
S076,complex,1,2026-06-09T22:26:08,resumed,
S076,complex,1,2026-06-09T23:08:25,device_done,
S076,complex,1,2026-06-09T23:24:47,device_done,
S076,complex,1,2026-06-09T23:40:49,device_done,
S076,complex,1,2026-06-09T23:49:12,device_done,
S076,complex,1,2026-06-09T23:58:28,device_done,
S076,complex,1,2026-06-10T00:06:19,device_done,
S076,complex,1,2026-06-10T00:16:01,device_done,
S076,complex,1,2026-06-10T00:23:46,device_done,
S076,complex,1,2026-06-10T00:32:59,device_done,
S076,complex,1,2026-06-10T00:44:01,device_done,
S076,complex,1,2026-06-10T00:52:04,device_done,
S076,complex,1,2026-06-10T00:58:52,device_done,
S076,complex,1,2026-06-10T01:05:50,device_done,
S076,complex,1,2026-06-10T01:20:13,device_done,
S076,complex,1,2026-06-10T01:32:30,device_done,
S076,complex,1,2026-06-10T01:50:36,device_done,
S076,complex,1,2026-06-10T02:08:49,device_done,
S076,complex,1,2026-06-10T02:19:17,device_done,
S076,complex,1,2026-06-10T02:34:59,device_done,
S076,complex,1,2026-06-10T02:41:43,device_done,
S076,complex,1,2026-06-10T03:11:38,device_done,
S076,complex,1,2026-06-10T03:30:59,device_done,
S076,complex,1,2026-06-10T03:42:00,device_done,
S076,complex,1,2026-06-10T03:49:32,device_done,
S076,complex,1,2026-06-10T04:03:30,device_done,
S076,complex,1,2026-06-10T04:09:11,device_done,
S076,complex,1,2026-06-10T04:17:58,device_done,
S076,complex,1,2026-06-10T04:34:10,device_done,
S076,complex,1,2026-06-10T04:46:32,device_done,
S076,complex,1,2026-06-10T04:56:23,device_done,
S076,complex,1,2026-06-10T05:13:57,device_done,
S076,complex,1,2026-06-10T05:21:52,device_done,
S076,complex,1,2026-06-10T05:35:19,device_done,
S076,complex,1,2026-06-10T05:45:09,device_done,
S076,complex,1,2026-06-10T05:53:42,device_done,
S076,complex,1,2026-06-10T06:08:08,device_done,
S076,complex,1,2026-06-10T06:16:12,device_done,
S076,complex,1,2026-06-10T06:41:53,device_done,
S076,complex,1,2026-06-10T06:51:23,device_done,
S076,complex,1,2026-06-10T07:17:59,device_done,
S076,complex,1,2026-06-10T07:25:44,device_done,
S076,complex,1,2026-06-10T07:41:01,device_done,
S076,complex,1,2026-06-10T07:41:01,closure_start,
S076,complex,1,2026-06-10T08:41:09,checkout,
S076,complex,1,2026-06-10T09:00:00,report_start,
S076,complex,1,2026-06-10T11:08:45,report_sent,
S077,complex,1,2026-06-10T11:38:50,prep_start,
S077,complex,1,2026-06-10T14:55:49,prep_end,
S077,complex,1,2026-06-10T18:00:00,depart,
S077,complex,1,2026-06-10T20:14:46,check_in,
S077,complex,1,2026-06-10T20:14:46,gate_start,
S077,complex,1,2026-06-10T21:10:06,gate_end,
S077,complex,1,2026-06-10T21:10:06,packet_issue,
S077,complex,1,2026-06-10T22:04:56,resumed,
S077,complex,1,2026-06-10T22:04:56,remediation_block,
S077,complex,1,2026-06-10T22:42:42,resumed,
S077,complex,1,2026-06-10T22:53:13,device_done,
S077,complex,1,2026-06-10T23:02:43,device_done,
S077,complex,1,2026-06-10T23:23:18,device_done,
S077,complex,1,2026-06-10T23:37:44,device_done,
S077,complex,1,2026-06-10T23:49:57,device_done,
S077,complex,1,2026-06-10T23:59:22,device_done,
S077,complex,1,2026-06-11T00:05:49,device_done,
S077,complex,1,2026-06-11T00:13:20,device_done,
S077,complex,1,2026-06-11T00:23:14,device_done,
S077,complex,1,2026-06-11T00:34:13,device_done,
S077,complex,1,2026-06-11T00:48:04,device_done,
S077,complex,1,2026-06-11T01:03:01,device_done,
S077,complex,1,2026-06-11T01:16:09,device_done,
S077,complex,1,2026-06-11T01:29:15,device_done,
S077,complex,1,2026-06-11T01:37:16,device_done,
S077,complex,1,2026-06-11T01:42:20,device_done,
S077,complex,1,2026-06-11T01:52:05,device_done,
S077,complex,1,2026-06-11T02:00:16,device_done,
S077,complex,1,2026-06-11T02:09:31,device_done,
S077,complex,1,2026-06-11T02:20:16,device_done,
S077,complex,1,2026-06-11T02:27:34,device_done,
S077,complex,1,2026-06-11T02:35:16,device_done,
S077,complex,1,2026-06-11T02:46:47,device_done,
S077,complex,1,2026-06-11T02:59:21,device_done,
S077,complex,1,2026-06-11T03:08:35,device_done,
S077,complex,1,2026-06-11T03:23:14,device_done,
S077,complex,1,2026-06-11T03:34:13,device_done,
S077,complex,1,2026-06-11T03:42:12,device_done,
S077,complex,1,2026-06-11T03:54:24,device_done,
S077,complex,1,2026-06-11T04:19:53,device_done,
S077,complex,1,2026-06-11T04:29:03,device_done,
S077,complex,1,2026-06-11T04:48:10,device_done,
S077,complex,1,2026-06-11T05:09:00,device_done,
S077,complex,1,2026-06-11T05:30:51,device_done,
S077,complex,1,2026-06-11T05:39:29,device_done,
S077,complex,1,2026-06-11T06:06:21,device_done,
S077,complex,1,2026-06-11T06:18:55,device_done,
S077,complex,1,2026-06-11T06:29:46,device_done,
S077,complex,1,2026-06-11T06:40:43,device_done,
S077,complex,1,2026-06-11T06:55:58,device_done,
S077,complex,1,2026-06-11T07:08:13,device_done,
S077,complex,1,2026-06-11T07:19:24,device_done,
S077,complex,1,2026-06-11T07:19:24,closure_start,
S077,complex,1,2026-06-11T09:00:00,report_start,
S077,complex,1,2026-06-11T09:05:59,checkout,
S077,complex,1,2026-06-11T11:45:07,report_sent,
S078,standard,1,2026-06-11T11:59:17,prep_start,
S078,standard,1,2026-06-11T14:33:15,prep_end,
S078,standard,1,2026-06-11T18:00:00,depart,
S078,standard,1,2026-06-11T19:06:55,check_in,
S078,standard,1,2026-06-11T19:06:55,gate_start,
S078,standard,1,2026-06-11T20:15:24,gate_end,
S078,standard,1,2026-06-11T20:15:24,gonogo_wait_start,
S078,standard,1,2026-06-11T21:34:28,gonogo_wait_end,
S078,standard,1,2026-06-11T21:34:28,remediation_block,
S078,standard,1,2026-06-11T22:38:42,no_go,remediation abort
S078,standard,1,2026-06-11T22:38:42,revisit_scheduled,
S078,standard,1,2026-06-12T09:00:00,report_start,
S078,standard,1,2026-06-12T11:21:21,report_sent,
S078,standard,2,2026-06-15T11:36:26,prep_start,
S078,standard,2,2026-06-15T14:04:58,prep_end,
S078,standard,2,2026-06-15T18:00:00,depart,
S078,standard,2,2026-06-15T19:40:27,check_in,
S078,standard,2,2026-06-15T19:40:27,gate_start,
S078,standard,2,2026-06-15T20:59:48,gate_end,
S078,standard,2,2026-06-15T20:59:48,packet_issue,
S078,standard,2,2026-06-15T21:54:03,resumed,
S078,standard,2,2026-06-15T22:02:03,device_done,
S078,standard,2,2026-06-15T22:13:24,device_done,
S078,standard,2,2026-06-15T22:28:45,device_done,
S078,standard,2,2026-06-15T22:40:05,device_done,
S078,standard,2,2026-06-15T22:49:09,device_done,
S078,standard,2,2026-06-15T23:01:54,device_done,
S078,standard,2,2026-06-15T23:10:04,device_done,
S078,standard,2,2026-06-15T23:21:51,device_done,
S078,standard,2,2026-06-15T23:31:08,device_done,
S078,standard,2,2026-06-16T00:06:11,device_done,
S078,standard,2,2026-06-16T00:22:50,device_done,
S078,standard,2,2026-06-16T00:31:25,device_done,
S078,standard,2,2026-06-16T00:39:28,device_done,
S078,standard,2,2026-06-16T00:49:33,device_done,
S078,standard,2,2026-06-16T00:55:46,device_done,
S078,standard,2,2026-06-16T01:04:43,device_done,
S078,standard,2,2026-06-16T01:13:39,device_done,
S078,standard,2,2026-06-16T01:30:44,device_done,
S078,standard,2,2026-06-16T01:40:51,device_done,
S078,standard,2,2026-06-16T01:49:36,device_done,
S078,standard,2,2026-06-16T01:49:36,qa_rework,
S078,standard,2,2026-06-16T02:12:47,closure_start,
S078,standard,2,2026-06-16T03:49:18,checkout,
S078,standard,2,2026-06-16T09:00:00,report_start,
S078,standard,2,2026-06-16T10:50:00,report_sent,
S079,standard,1,2026-06-16T11:27:43,prep_start,
S079,standard,1,2026-06-16T13:55:50,prep_end,
S079,standard,1,2026-06-16T18:00:00,depart,
S079,standard,1,2026-06-16T18:21:58,check_in,
S079,standard,1,2026-06-16T18:21:58,gate_start,
S079,standard,1,2026-06-16T19:47:22,gate_end,
S079,standard,1,2026-06-16T19:47:22,access_issue,
S079,standard,1,2026-06-16T20:53:22,resumed,
S079,standard,1,2026-06-16T21:11:05,device_done,
S079,standard,1,2026-06-16T21:24:51,device_done,
S079,standard,1,2026-06-16T21:35:46,device_done,
S079,standard,1,2026-06-16T21:46:18,device_done,
S079,standard,1,2026-06-16T22:01:17,device_done,
S079,standard,1,2026-06-16T22:14:57,device_done,
S079,standard,1,2026-06-16T22:23:33,device_done,
S079,standard,1,2026-06-16T22:47:23,device_done,
S079,standard,1,2026-06-16T23:00:41,device_done,
S079,standard,1,2026-06-16T23:12:44,device_done,
S079,standard,1,2026-06-16T23:12:44,closure_start,
S079,standard,1,2026-06-17T00:54:33,checkout,
S079,standard,1,2026-06-17T09:00:00,report_start,
S079,standard,1,2026-06-17T11:00:45,report_sent,
